province,package,activity_group,activity,sub_activity,collaborate_organization,main_organization,unit,location,time_rage,target,Column,Column2,Column3,Column4,Column5,Column6,Column7,Column8,Column9,Column10,Column11,Column12,Column13,Column14,Column15,Column16,Column17
Nghệ An,A. Nhóm hoạt động giảm mất rừng và suy thoái rừng,"Hoạt động 1: Rà soát điều chỉnh diện tích đất lâm nghiệp và điều chỉnh 3 loại rừng kết hợp với rà soát, đánh giá các quy hoạch chuyển đổi sử dụng đất lâm nghiệp, dừng việc chuyển đổi đất lâm nghiệp đối với các quy hoạch không phù hợp;",,,Sở NN&PTNT /Sở TN&MT,"Sở nông
  nghiệp&PTNT",Ha,"Toàn tỉnh
 1,200,000",2017-2018,1200000.0,,,,,,,,,,,,,,,,,
Nghệ An,A. Nhóm hoạt động giảm mất rừng và suy thoái rừng,"Hoạt động 1: Rà soát điều chỉnh diện tích đất lâm nghiệp và điều chỉnh 3 loại rừng kết hợp với rà soát, đánh giá các quy hoạch chuyển đổi sử dụng đất lâm nghiệp, dừng việc chuyển đổi đất lâm nghiệp đối với các quy hoạch không phù hợp;","Hoạt động1.1:
 + Quy hoạch đất lâm nghiệp (rà soát đất lâm nghiệp, điều chỉnh 3 loại rừng).","Rà soát các quy hoạch cao su, thủy điện, các dự án ảnh hưởng tới việc mất rừng.","Sở Nông nghiệp 
 và PTNT/Sở TN&MT","Sở nông
  nghiệp&PTNT",Ha,5000.0,2018-2020,5000.0,,,,,,,,,,,,,,,,,
Nghệ An,A. Nhóm hoạt động giảm mất rừng và suy thoái rừng,"Hoạt động 1: Rà soát điều chỉnh diện tích đất lâm nghiệp và điều chỉnh 3 loại rừng kết hợp với rà soát, đánh giá các quy hoạch chuyển đổi sử dụng đất lâm nghiệp, dừng việc chuyển đổi đất lâm nghiệp đối với các quy hoạch không phù hợp;","Hoạt động1.1:
 + Quy hoạch đất lâm nghiệp (rà soát đất lâm nghiệp, điều chỉnh 3 loại rừng).","Hỗ trợ lập quy hoạch, kế hoạch về lâm nghiệp",Sở NN&PTNT,Sở NN&PTNT,,"Các Chủ rừng(BQL rừng Phòng hộ, Đặc dụng, Công ty TNHH và UBND huyện",2018-2020,1200000.0,,,,,,,,,,,,,,,,,
Nghệ An,A. Nhóm hoạt động giảm mất rừng và suy thoái rừng,"Hoạt động 1: Rà soát điều chỉnh diện tích đất lâm nghiệp và điều chỉnh 3 loại rừng kết hợp với rà soát, đánh giá các quy hoạch chuyển đổi sử dụng đất lâm nghiệp, dừng việc chuyển đổi đất lâm nghiệp đối với các quy hoạch không phù hợp;",Hoạt động1.2 : Tăng cường công tác đánh giá môi trường và tác động xã hội (ESIA),Hoạt động1.2 : Tăng cường công tác đánh giá môi trường và tác động xã hội (ESIA),Sở TN&MT/Sở NN&PTNT,Sở TN&MT,Lớp tập huấn,"Toàn tỉnh, chú ý trọng tâm các huyện thực hiện REDD+
 18 huyện thị triển khai PRAP",2018-2020,3 lớp tập huấn,,,,,,,,,,,,,,,,,
Nghệ An,A. Nhóm hoạt động giảm mất rừng và suy thoái rừng,"Hoạt động 1: Rà soát điều chỉnh diện tích đất lâm nghiệp và điều chỉnh 3 loại rừng kết hợp với rà soát, đánh giá các quy hoạch chuyển đổi sử dụng đất lâm nghiệp, dừng việc chuyển đổi đất lâm nghiệp đối với các quy hoạch không phù hợp;",Hoạt động1.3 Xây dựng năng lực về ESIA theo dõi và kiểm tra,Hoạt động1.3 Xây dựng năng lực về ESIA theo dõi và kiểm tra,Sở TN&MT/Sở NN&PTNT,Sở TN&MT,Lớp tập huấn,Ttrọng tâm tập trung các huyện thực hiện REDD+ (18 huyện Ưu tiên thực hiện PRAP).,2018-2020,3 lớp tập huấn,,,,,,,,,,,,,,,,,
Nghệ An,A. Nhóm hoạt động giảm mất rừng và suy thoái rừng,"Hoạt động2. Hỗ trợ sản xuất nông nghiệp, ngư nghiệp bền vững và không gây mất rừng, suy thoái rừng",Hoạt động2.1: Hỗ trợ và thiết lập diễn đàn trao đổi thông tin về hàng hóa để tạo điều kiện cho đối thoại và chuyển hướng sản xuất bền vững không gây mất rừng và suy thoái rừng.,Hoạt động2.1: Hỗ trợ và thiết lập diễn đàn trao đổi thông tin về hàng hóa để tạo điều kiện cho đối thoại và chuyển hướng sản xuất bền vững không gây mất rừng và suy thoái rừng.,"sở NN&PTNT Nghệ An/Dự án Jica Nông nghiệp, Doanh nghiệp và người sx",,Lớp tập huấn,Toàn tỉnh,2018-2020,3 cuộc,,,,,,,,,,,,,,,,,
Nghệ An,A. Nhóm hoạt động giảm mất rừng và suy thoái rừng,"Hoạt động2. Hỗ trợ sản xuất nông nghiệp, ngư nghiệp bền vững và không gây mất rừng, suy thoái rừng","Hoạt động2.2: Tiếp tục thử nghiệm, tổng kết và nhân rộng các mô hình sản xuất nông nghiệp, ngư nghiệp bền vững hơn và có tính thích ứng cao với biến đổi khí hậu trong lĩnh vực nuôi trồng thủy sản, nông nghiệp công nghệ cao. Tổ chức thực hiện xây dựng diễn đàn kết nối doanh nghiệp và người sản xuất (diễn đàn về sản phẩm nông nghiệp sạch, Rau, củ quả, Lúa, chè..)",Mô hình SRI,Sở NN&PTNT/UBND huyện,"Trung tâm khuyến Nông, Chi cục Trồng trọt và bảo vệ thực vật, UBND",Ha,"Quỳnh Lưu, Yên Thành, Diễn Châu",2018-2020,200.0,,,,,,,,,,,,,,,,,
Nghệ An,A. Nhóm hoạt động giảm mất rừng và suy thoái rừng,"Hoạt động2. Hỗ trợ sản xuất nông nghiệp, ngư nghiệp bền vững và không gây mất rừng, suy thoái rừng","Hoạt động2.2: Tiếp tục thử nghiệm, tổng kết và nhân rộng các mô hình sản xuất nông nghiệp, ngư nghiệp bền vững hơn và có tính thích ứng cao với biến đổi khí hậu trong lĩnh vực nuôi trồng thủy sản, nông nghiệp công nghệ cao. Tổ chức thực hiện xây dựng diễn đàn kết nối doanh nghiệp và người sản xuất (diễn đàn về sản phẩm nông nghiệp sạch, Rau, củ quả, Lúa, chè..)",Mô hình ứng dụng công nghệ tưới nhỏ giọt sử dụng năng lượng mặt trời cho Cam,SNN&PTNT Nghệ An,"Trung tâm khuyến Nông, UBND huyện, Dự án ERICH",Ha,"xã Thanh Mai huyện Thanh Chương, xã Minh Hợp và Nghĩa Bình huyệ Quỳ Hợp, xã Môn Sơn huyện Con Cuông",2018-2020,220.0,,,,,,,,,,,,,,,,,
Nghệ An,A. Nhóm hoạt động giảm mất rừng và suy thoái rừng,"Hoạt động2. Hỗ trợ sản xuất nông nghiệp, ngư nghiệp bền vững và không gây mất rừng, suy thoái rừng","Hoạt động2.2: Tiếp tục thử nghiệm, tổng kết và nhân rộng các mô hình sản xuất nông nghiệp, ngư nghiệp bền vững hơn và có tính thích ứng cao với biến đổi khí hậu trong lĩnh vực nuôi trồng thủy sản, nông nghiệp công nghệ cao. Tổ chức thực hiện xây dựng diễn đàn kết nối doanh nghiệp và người sản xuất (diễn đàn về sản phẩm nông nghiệp sạch, Rau, củ quả, Lúa, chè..)",Mô hình nuôi Tôm trên cát hương tới VIETGAP,Sở NN&PTNT,Chi cục Thủy Sản,Ha,"Xã Diễn Trung, Diễn Thịnh huyện Diễn Châu; Hoàng Mai, huyện Quỳnh Lưu (10ha/160ha)",,10.0,,,,,,,,,,,,,,,,,
Nghệ An,A. Nhóm hoạt động giảm mất rừng và suy thoái rừng,"Hoạt động2. Hỗ trợ sản xuất nông nghiệp, ngư nghiệp bền vững và không gây mất rừng, suy thoái rừng","Hoạt động2.2: Tiếp tục thử nghiệm, tổng kết và nhân rộng các mô hình sản xuất nông nghiệp, ngư nghiệp bền vững hơn và có tính thích ứng cao với biến đổi khí hậu trong lĩnh vực nuôi trồng thủy sản, nông nghiệp công nghệ cao. Tổ chức thực hiện xây dựng diễn đàn kết nối doanh nghiệp và người sản xuất (diễn đàn về sản phẩm nông nghiệp sạch, Rau, củ quả, Lúa, chè..)",Rau sạch nhà kính Organic,Tập đoàn TH,"Công ty cổ 
 phần sản xuất 
 & cung ứng rau
  quả sạch Quốc 
 tế (thương hiệu FVF",Ha,"Xã Nghĩa Bình, Huyện Nghĩa Đàn",2018-2020,"4,5",,,,,,,,,,,,,,,,,
Nghệ An,A. Nhóm hoạt động giảm mất rừng và suy thoái rừng,"Hoạt động2. Hỗ trợ sản xuất nông nghiệp, ngư nghiệp bền vững và không gây mất rừng, suy thoái rừng","Hoạt động2.2: Tiếp tục thử nghiệm, tổng kết và nhân rộng các mô hình sản xuất nông nghiệp, ngư nghiệp bền vững hơn và có tính thích ứng cao với biến đổi khí hậu trong lĩnh vực nuôi trồng thủy sản, nông nghiệp công nghệ cao. Tổ chức thực hiện xây dựng diễn đàn kết nối doanh nghiệp và người sản xuất (diễn đàn về sản phẩm nông nghiệp sạch, Rau, củ quả, Lúa, chè..)",Mô hình Chanh Leo,Công ty CP Nafoods Group/Hộ gia đình,Công ty CP Nafoods Group/Hộ gia đình,Ha,"Xã Tri Lễ, Nậm Giải huyện Quế Phong",2018-2020,400.0,,,,,,,,,,,,,,,,,
Nghệ An,A. Nhóm hoạt động giảm mất rừng và suy thoái rừng,"Hoạt động2. Hỗ trợ sản xuất nông nghiệp, ngư nghiệp bền vững và không gây mất rừng, suy thoái rừng","Hoạt động2.2: Tiếp tục thử nghiệm, tổng kết và nhân rộng các mô hình sản xuất nông nghiệp, ngư nghiệp bền vững hơn và có tính thích ứng cao với biến đổi khí hậu trong lĩnh vực nuôi trồng thủy sản, nông nghiệp công nghệ cao. Tổ chức thực hiện xây dựng diễn đàn kết nối doanh nghiệp và người sản xuất (diễn đàn về sản phẩm nông nghiệp sạch, Rau, củ quả, Lúa, chè..)",Mô hình Chè (Thanh Chương),,,,,,,,,,,,,,,,,,,,,,,
Nghệ An,A. Nhóm hoạt động giảm mất rừng và suy thoái rừng,"Hoạt động2. Hỗ trợ sản xuất nông nghiệp, ngư nghiệp bền vững và không gây mất rừng, suy thoái rừng","Hoạt động2.2: Tiếp tục thử nghiệm, tổng kết và nhân rộng các mô hình sản xuất nông nghiệp, ngư nghiệp bền vững hơn và có tính thích ứng cao với biến đổi khí hậu trong lĩnh vực nuôi trồng thủy sản, nông nghiệp công nghệ cao. Tổ chức thực hiện xây dựng diễn đàn kết nối doanh nghiệp và người sản xuất (diễn đàn về sản phẩm nông nghiệp sạch, Rau, củ quả, Lúa, chè..)",Dược liệu dưới tán rừng,"Công ty TNHH TH Mường Lống, Công ty….","Công ty TNHH TH Mường Lống, Công ty nông nghiệp công nhệ cao Phủ Quỳ….",Ha,"Xã Mường Lống, huyện Kỳ Sơn; xã Tiền Phong huyện Quế Phong, xã ..huyện Con Cuông; xã Liên Hợp huyện Quỳ Hợp",2018-2020,50.0,,,,,,,,,,,,,,,,,
Nghệ An,A. Nhóm hoạt động giảm mất rừng và suy thoái rừng,"Hoạt động2. Hỗ trợ sản xuất nông nghiệp, ngư nghiệp bền vững và không gây mất rừng, suy thoái rừng","Hoạt động 2.3: Nghiên cứu xây dựng cơ chế tài chính khuyến khích nông nghiệp bền vững.
 - Các chính sách hỗ trợ đầu tư phát triển nông nghiệp.
 - Chính sách hỗ trợ đầu tư trong bảo quản, chế biến nông sản, giết mổ gia súc, gia cầm, chể tạo thiết bị, linh kiện, máy nông nghiệp, sản xuất sản phẩm phụ.
 - Chính sách hỗ trợ vốn cho mô hình nông nghiệp công nghệ cao.
 - Nghiên cứu chính sách hỗ trợ nghiên cứu, chuyển giao, ứng dụng nông nghiệp công nghệ cao.
 - Chính sách Miến giảm tiền sử dụng đất.
 - Hỗ trợ đào tạo nguồn nhân lực, phát triển thị trường.",,Sở Nông nghiệp & PTNT,Sở NN&PTNT,Văn bản,Toàn tỉnh,2018-2020,2.0,,,,,,,,,,,,,,,,,
Nghệ An,A. Nhóm hoạt động giảm mất rừng và suy thoái rừng,Hoạt động 3: Cải thiện quản trị rừng và cải thiện sinh kế cho người dân sống trong và gần rừng.,Hoạt động 3.1: Tuyên truyền giáo dục môi trường và nhận thức về pháp luật về bảo vệ rừng trong cộng đồng địa phương;,,"Sở Nông nghiệp & PTNT; Các đơn vị trự thuộc, UBND huyện, xã",,,"Trên phạm vi toàn tỉnh, trọng tâm các là huyện thực hiện REDD+",2018-2020,13 lớp,,,,,,,,,,,,,,,,,
Nghệ An,A. Nhóm hoạt động giảm mất rừng và suy thoái rừng,Hoạt động 3: Cải thiện quản trị rừng và cải thiện sinh kế cho người dân sống trong và gần rừng.,"Hoạt động 3.2: Rà soát và tổ chức  giao đất lâm nghiệp ( cho hộ gia
 đình và cộng đồng)",,"Sở TN&MT, UBND huyện",Sở Nông nghiệp,Ha,"Toàn tỉnh, trọng tâm tập trung các huyện thực hiện REDD+",2018-2020,83860.0,,,,,,,,,,,,,,,,,
Nghệ An,A. Nhóm hoạt động giảm mất rừng và suy thoái rừng,Hoạt động 3: Cải thiện quản trị rừng và cải thiện sinh kế cho người dân sống trong và gần rừng.,Hoạt động 3.3. Nâng cao đời sống và thu nhập cộng đồng dân cư có cuộc sống phụ thuộc vào rừng và ĐDSH qua việc xây dựng và chuyển giao nhân rộng các mô hình canh tác bền vững,,"- Chanh leo.
 - Cam
 -Dược Liệu dưới tán rừng.
 -Du lịch công đông.
 - Mô hình chè
 - Mía.
 - Rau sạch nhà kính Organic",Sở Nông nghiệp và Sở khoa học CN,Mô Hình,"Miền tây Nghệ An, trọng tâm là các huyện thực hiện REDD+",2018-2020,"Chuyển giao công
  nghệ 5 mô hình thành công hiệu quả nhất",,,,,,,,,,,,,,,,,
Nghệ An,A. Nhóm hoạt động giảm mất rừng và suy thoái rừng,Hoạt động 3: Cải thiện quản trị rừng và cải thiện sinh kế cho người dân sống trong và gần rừng.,"Hoạt động 3.4 : Tăng cường các hoạt động xã hội hóa ngành Lâm nghiệp, thực hiện chương trình PFES, REDD+,… nhằm khuyến khích sự tham gia của cộng đồng vào công tác bảo vệ và phát triển rừng, bảo tồn và phát triển các giá trị ĐDSH.",- Mô hình đồng quản lý rừng tại Tương Dương,Sở NN& PTNT,"Sở NN& PTNT/
 UBND huyện",Mô Hình,Huyên Tương Dương,2018-2020,1 mô hình,,,,,,,,,,,,,,,,,
Nghệ An,A. Nhóm hoạt động giảm mất rừng và suy thoái rừng,Hoạt động 3: Cải thiện quản trị rừng và cải thiện sinh kế cho người dân sống trong và gần rừng.,"Hoạt động 3.4 : Tăng cường các hoạt động xã hội hóa ngành Lâm nghiệp, thực hiện chương trình PFES, REDD+,… nhằm khuyến khích sự tham gia của cộng đồng vào công tác bảo vệ và phát triển rừng, bảo tồn và phát triển các giá trị ĐDSH.","- Mô hình đồng quản lý rừng tại Quế Phong.
 (xã Nậm Giải huyện Quế Phong thông qua hoạt động giao đất cộng đồng, khôi phục lễ hội QLBVPTR, Quy chế hương ước bảo vệ rưng, cam kết giữa cộng đồng, chính quyền, chủ quản lý, xây mô hình 200ha trồng bonbo, xây dựng lò xấy bonbo, ...., Thành lập hợp tác xã)",Sở NN& PTNT,"Sở NN& PTNT/
 UBND huyện?",Mô Hình,200h bonbo; 400ha giao đất cộng đồng; 1 hợp tác xã; 1 lễ hội về bảo vệ phát triển rừng..,2018-2020,1 mô hình,,,,,,,,,,,,,,,,,
Nghệ An,A. Nhóm hoạt động giảm mất rừng và suy thoái rừng,Hoạt động 3: Cải thiện quản trị rừng và cải thiện sinh kế cho người dân sống trong và gần rừng.,"Hoạt động 3.4 : Tăng cường các hoạt động xã hội hóa ngành Lâm nghiệp, thực hiện chương trình PFES, REDD+,… nhằm khuyến khích sự tham gia của cộng đồng vào công tác bảo vệ và phát triển rừng, bảo tồn và phát triển các giá trị ĐDSH.",- Thực hiện Chương trình PFES,Sở NN&PTNT/UBND huyện,"Chủ rừng, 
 UBND huyện",Ha,"Huyện Quế Phong, Quỳ Châu, Quỳ Hợp, Tường Dương, Kỳ Sơn, Con Cuông
 với tổng diện tích 373,128 ha/Năm",2018-2020,373128.0,,,,,,,,,,,,,,,,,
Nghệ An,A. Nhóm hoạt động giảm mất rừng và suy thoái rừng,Hoạt động 3: Cải thiện quản trị rừng và cải thiện sinh kế cho người dân sống trong và gần rừng.,"Hoạt động 3.4 : Tăng cường các hoạt động xã hội hóa ngành Lâm nghiệp, thực hiện chương trình PFES, REDD+,… nhằm khuyến khích sự tham gia của cộng đồng vào công tác bảo vệ và phát triển rừng, bảo tồn và phát triển các giá trị ĐDSH.","- Thực hiện Chương trình 30a, Bảo vệ rừng theo QĐ24/2012.",Sở NN&PTNT/UBND huyện,"Chủ rừng, 
 UBND huyện",ha,Trên phạm vi toàn tỉnh,2018-2020,240724.0,,,,,,,,,,,,,,,,,
Nghệ An,A. Nhóm hoạt động giảm mất rừng và suy thoái rừng,Hoạt động 3: Cải thiện quản trị rừng và cải thiện sinh kế cho người dân sống trong và gần rừng.,"Hoạt động 3.5. Phổ biến rộng rãi luật Lâm nghiệp cũng như các chủ trương, chính sách liên quan tới xã hội, nhằm khuyến khích đầu tư phát triển vốn rừng, chế biến lâm sản, bảo tồn nguồn gen động thực vật quý hiếm v.v…",,"Sở TN&MT
 Sở NN& PTNT
 Sở TT&TT",Sở NN&PTNT,Lớp tập huấn,"Toàn tỉnh, trọng tâm các huyện thực hiện REDD+",2018-2020,"39 lớp tuyên
  truyền tập huấn
 về luật lâm nghiệp, các nghị định dưới Luật",,,,,,,,,,,,,,,,,
Nghệ An,A. Nhóm hoạt động giảm mất rừng và suy thoái rừng,Hoạt động 3: Cải thiện quản trị rừng và cải thiện sinh kế cho người dân sống trong và gần rừng.,"Hoạt động 3.6.Thu hút đầu tư của các doanh nghiệp, hỗ trợ đồng bào xây dựng các tuyến du lịch, các điểm du lịch môi trường sinh thái, tâm linh, văn hóa:
 - Quảng bá tuyên đồng thời thực hiện việc thiết lập diễn đàn kết nối, liên doanh liên kết quảng bá sản phẩm Miềm Tây Nghệ An. 
 Hình thành tua tuyến du lịch cộng đồng, du lịch sinh thái tại Con Cuông, (Đập Phà lài, Sông Giăng, Pù Mat, Suối Mọc, Khe rạn; Quế Phong Thác Bảy Tầng, Tạt Phấng, Sao Va; Hồ thủy điện Hủa Na, Đền chín gian; Thanh Chương",,"UBND tỉnh
 Sở Du lịch
 Sở NN& PTNT","Sở Du lịch
 Sở NN& PTNT",Tuyến Du lịch,"Trọng tâm tập trung trên 4 huyện Quế Phong, Con Cuong, Thanh Chương, Tương Dương.",2018-2020,"Nâng cấp xây dựng
  3 tuyến du lịch gắn với 3 vùng lõi khu DTSQ",,,,,,,,,,,,,,,,,
Nghệ An,A. Nhóm hoạt động giảm mất rừng và suy thoái rừng,Hoạt động 3: Cải thiện quản trị rừng và cải thiện sinh kế cho người dân sống trong và gần rừng.,"Hoạt động 3.7 Phát triển lâm sản ngoài gỗ;
 - Mô hình Phát triển Chè Hoa Vàng (Quế Phong);
 - Mô hình Sa nhân tím (Quế Phong; Anh Sơn);
 - Mô hình Mây nếp (Hạnh Dịch Quế Phong)
 - Mô hình Đẳng Sâm (Mường Lống Kỳ Sơn)
 - Mô hình Giổi xanh (ăn hạt) Tiền Phong - Quế Phong;
 - Mô hình trồng Bon bo Kỳ Sơn, Quế Phong;
 - Mô hình Cà gai leo Con Cuông;
 - Mô hình trồng Quế Quỳ Quế Phong;
 - Mô hình Cây Canh thìa Con Cuông;
 - Mô hình Tỏi Kỳ Sơn;
 Mô hình trồng Rong Riềng Kỳ Sơn; Nghệ, trồng Xả Thanh Chương, Quế Phong,;",,"Sở KH&CN
  Sở NN& PTNT","Sở KH&CN
  Sở NN& PTNT",Mô Hình + lớp tập huấn,"Toàn tỉnh, trọng tâm các huyện thực hiện REDD+
 (Kỳ Sơn, Quế Phong, Thanh Chương, Tương Dương…)",2018-2020,"XD 10 mô hình, 
 5 lớp tập huấn;
  5 đợt thăm quan",,,,,,,,,,,,,,,,,
Nghệ An,A. Nhóm hoạt động giảm mất rừng và suy thoái rừng,Hoạt động 3: Cải thiện quản trị rừng và cải thiện sinh kế cho người dân sống trong và gần rừng.,Hoạt động 3.8 : Tập huấn nâng cao năng lực cho lực lượng bảo vệ rừng của các chủ rừng và tổ đội BVR của xã;,Hoạt động 3.8 : Tập huấn nâng cao năng lực cho lực lượng bảo vệ rừng của các chủ rừng và tổ đội BVR của xã;,Sở NN& PTNT,Sở NN& PTNT,Lớp tập huấn,"Toàn tỉnh, trọng tâm các huyện thực hiện REDD+",2018-2020,13 lớp tuập huấn,,,,,,,,,,,,,,,,,
Nghệ An,A. Nhóm hoạt động giảm mất rừng và suy thoái rừng,Hoạt động 4: Tăng cường thực thi pháp luật lâm nghiệp,Hoạt động 4.1: Hỗ trợ xây dựng và triển khai giám sát nguồn gốc gỗ hợp pháp,Hoạt động 4.1: Hỗ trợ xây dựng và triển khai giám sát nguồn gốc gỗ hợp pháp,Sở NN& PTNT,Sở NN& PTNT,hội nghị,"Toàn tỉnh, trọng tâm các huyện thực hiện REDD+",2018-2020,3 hội nghị,,,,,,,,,,,,,,,,,
Nghệ An,A. Nhóm hoạt động giảm mất rừng và suy thoái rừng,Hoạt động 4: Tăng cường thực thi pháp luật lâm nghiệp,Hoạt động4.2: Xây dựng và thực thi hướng dẫn về các biện pháp bảo đảm an toàn trong thực thi REDD+.( safeguards),Hoạt động4.2: Xây dựng và thực thi hướng dẫn về các biện pháp bảo đảm an toàn trong thực thi REDD+.( safeguards),Sở NN& PTNT,Sở NN& PTNT,Lớp tập huấn,"Toàn tỉnh, trọng tâm các huyện thực hiện REDD+",2018-2020,3 lớp tập huấn,,,,,,,,,,,,,,,,,
Nghệ An,A. Nhóm hoạt động giảm mất rừng và suy thoái rừng,Hoạt động 4: Tăng cường thực thi pháp luật lâm nghiệp,Hoạt động4.3: Kiểm soát chặt chẽ việc trồng rừng thay thế của các dự án chuyển đổi rừng sang mục đích khác,Hoạt động4.3: Kiểm soát chặt chẽ việc trồng rừng thay thế của các dự án chuyển đổi rừng sang mục đích khác,Sở NN& PTNT,Sở NN& PTNT,Các cuộc tuần tra,"Toàn tỉnh, trọng tâm các huyện thực hiện REDD+",2018-2020,,,,,,,,,,,,,,,,,,
Nghệ An,"B. Nhóm hoạt động nhằm bảo tồn, tăng cường trữ lượng các - bon và quản lý bền vững tài nguyên rừng",Hoạt động 5: Bảo vệ rừng đặc dụng hiện có,"Bao gồm tuần tra, ngăn chặn các hoạt động khai thác gỗ và lâm sản trái phép, khoán QLBVR;","Bao gồm tuần tra, ngăn chặn các hoạt động khai thác gỗ và lâm sản trái phép, khoán QLBVR;",Sở NN& PTNT,Sở NN& PTNT,Các cuộc tuần tra,Trên phân vùng Ưu tiên,2018-2020,162.0,,,,,,,,,,,,,,,,,
Nghệ An,"B. Nhóm hoạt động nhằm bảo tồn, tăng cường trữ lượng các - bon và quản lý bền vững tài nguyên rừng",Hoạt động 6: Bảo vệ rừng phòng hộ hiện có,"Bao gồm tuần tra, ngăn chặn các hoạt động khai thác gỗ và lâm sản trái phép, khoán QLBVR;","Bao gồm tuần tra, ngăn chặn các hoạt động khai thác gỗ và lâm sản trái phép, khoán QLBVR;",Sở NN& PTNT,Sở NN& PTNT,Các cuộc tuần tra,"Toàn tỉnh, trọng tâm các huyện thực hiện REDD+",2018-2020,200000.0,,,,,,,,,,,,,,,,,
Nghệ An,"B. Nhóm hoạt động nhằm bảo tồn, tăng cường trữ lượng các - bon và quản lý bền vững tài nguyên rừng",Hoạt động 7: Tập huấn nâng cao năng lực chuyên môn và kỹ năng PCCCR cho lực lượng kiểm lâm và chủ rừng nhóm 2;,Xây dựng phương án và triển thực hiện tập huấn kỹ thuật phòng cháy chữa cháy rừng.,Xây dựng phương án và triển thực hiện tập huấn kỹ thuật phòng cháy chữa cháy rừng.,Sở NN& PTNT,Sở NN& PTNT,Lớp tập huấn,Trên phân vùng Ưu tiên,2018-2020,13 lớp,,,,,,,,,,,,,,,,,
Nghệ An,"B. Nhóm hoạt động nhằm bảo tồn, tăng cường trữ lượng các - bon và quản lý bền vững tài nguyên rừng",Hoạt động 8:Khoanh nuôi xúc tiến tái sinh tự nhiên;,Hoạt động 8:Khoanh nuôi xúc tiến tái sinh tự nhiên;,Hoạt động 8:Khoanh nuôi xúc tiến tái sinh tự nhiên;,Sở NN& PTNT,"Sở NN& PTNT/
 UBND huyện",ha,"Huyện Con Cuông, Kỳ Sơn, Nghĩa Đàn, Quế Phong, Quỳ Châu, Quỳ Hợp, Tương Dương, Thanh Chương, Tân Kỳ, Đô Lương, Yên Thành với tổng diện tích 75,000ha/năm",2018-2020,75000.0,,,,,,,,,,,,,,,,,
Nghệ An,"B. Nhóm hoạt động nhằm bảo tồn, tăng cường trữ lượng các - bon và quản lý bền vững tài nguyên rừng",Hoạt động 9:Trồng rừng cây gỗ lớn sau khai thác trắng rừng trồng,Hoạt động 9:Trồng rừng cây gỗ lớn sau khai thác trắng rừng trồng,Hoạt động 9:Trồng rừng cây gỗ lớn sau khai thác trắng rừng trồng,Sở NN& PTNT,"Sở NN& PTNT/
 UBND huyện",ha,"CHuyện Quế Phong, Quỳ Châu, Quỳ Hợp, Tường Dương, Con Cuông, Nghĩa Đàn, Anh Sơn, Yên Thành
 với tổng diện tích 49.000ha",2018-2020,49000.0,,,,,,,,,,,,,,,,,
Nghệ An,"B. Nhóm hoạt động nhằm bảo tồn, tăng cường trữ lượng các - bon và quản lý bền vững tài nguyên rừng",Hoạt động 10:Chuyển hóa rừng trồng cây gỗ nhỏ sang trồng rừng cây gỗ lớn,Hoạt động 10:Chuyển hóa rừng trồng cây gỗ nhỏ sang trồng rừng cây gỗ lớn,Hoạt động 10:Chuyển hóa rừng trồng cây gỗ nhỏ sang trồng rừng cây gỗ lớn,Sở NN& PTNT,"Các Chủ rừng,
 UBND huyện",ha,"Các huyện thực hiện Redd+
 ( Con Cuông, Anh Sơn, Đô Lương, Kỳ Sơn, Nghĩa Đàn, Quế Phong, Quỳ Châu, Quỳ Hợp, Tân Kỳ, Tương Dương, Yên Thành)",2018-2020,15000.0,,,,,,,,,,,,,,,,,
Nghệ An,"B. Nhóm hoạt động nhằm bảo tồn, tăng cường trữ lượng các - bon và quản lý bền vững tài nguyên rừng",Hoạt động 11:Trồng rừng cây gỗ lớn trên đất chưa có rừng,Hoạt động 11:Trồng rừng cây gỗ lớn trên đất chưa có rừng,Hoạt động 11:Trồng rừng cây gỗ lớn trên đất chưa có rừng,Sở NN& PTNT,Sở NN& PTNT,ha,Các huyện thực hiện Redd+,2018-2020,4000.0,,,,,,,,,,,,,,,,,
Nghệ An,"B. Nhóm hoạt động nhằm bảo tồn, tăng cường trữ lượng các - bon và quản lý bền vững tài nguyên rừng",Hoạt động 12:Trồng rừng cây gỗ nhỏ trên đất chưa có rừng,Hoạt động 12:Trồng rừng cây gỗ nhỏ trên đất chưa có rừng,Hoạt động 12:Trồng rừng cây gỗ nhỏ trên đất chưa có rừng,Sở NN& PTNT,Sở NN& PTNT,ha,"Anh Sơn, Con Cuông, Kỳ Sơn, Nghĩa Đàn, Quế Phong,
 Quỳ Châu, Quỳ Hợp, Tân Kỳ, Tương Dương, 
 Diễn Châu, Nghi Lộc, TX. Hoàng Mai, Quỳnh Lưu, TX. Cửa Lò;",2018-2020,6000.0,,,,,,,,,,,,,,,,,
Nghệ An,"B. Nhóm hoạt động nhằm bảo tồn, tăng cường trữ lượng các - bon và quản lý bền vững tài nguyên rừng",Hoạt động 13:Nâng cao hiệu quả công tác cung ứng giống cây lâm nghiệp;,Hoạt động 13:Nâng cao hiệu quả công tác cung ứng giống cây lâm nghiệp;,Hoạt động 13:Nâng cao hiệu quả công tác cung ứng giống cây lâm nghiệp;,Sở NN& PTNT,Sở NN& PTNT,,"Toàn tỉnh, trọng tâm các huyện thực hiện REDD+",2018-2020,"150 rừng giống, 
 15 vườn ươm,
 1 Trung tâm giống CNC, 30 lớp tập huấn",,,,,,,,,,,,,,,,,
Nghệ An,"B. Nhóm hoạt động nhằm bảo tồn, tăng cường trữ lượng các - bon và quản lý bền vững tài nguyên rừng",Hoạt động 14: Xây dựng phương án quản lý rừng bền vững;,Hoạt động 14: Xây dựng phương án quản lý rừng bền vững;,Hoạt động 14: Xây dựng phương án quản lý rừng bền vững;,Sở NN& PTNT,Sở NN& PTNT,PA,Các chủ rừng trên địa boàn tỉnh,2018-2020,"Phương án QLRBV 
 với tổng diện tích 
 thực hiện dự kiến 9,005,7 ha",,,,,,,,,,,,,,,,,
Nghệ An,"B. Nhóm hoạt động nhằm bảo tồn, tăng cường trữ lượng các - bon và quản lý bền vững tài nguyên rừng",Hoạt động 15: Thiết lập các hành lang ĐDSH kết nối giữa 03 vườn quốc gia và khu bảo tồn thiên nhiên trên địa bàn tỉnh Nghệ An.,Hoạt động 15: Thiết lập các hành lang ĐDSH kết nối giữa 03 vườn quốc gia và khu bảo tồn thiên nhiên trên địa bàn tỉnh Nghệ An.,Hoạt động 15: Thiết lập các hành lang ĐDSH kết nối giữa 03 vườn quốc gia và khu bảo tồn thiên nhiên trên địa bàn tỉnh Nghệ An.,Sở NN& PTNT,"UBND 
 tỉnh Nghệ An",Hành Lang,3.0,2018-2020,"3 hành lang kết nối vùng lõi khu DTSQ
 Kết nồi Pù Mát - Pù Huông; Pù Huống - Pù Hoạt; Pù Mát - Puxailaileng;",,,,,,,,,,,,,,,,,
Nghệ An,"B. Nhóm hoạt động nhằm bảo tồn, tăng cường trữ lượng các - bon và quản lý bền vững tài nguyên rừng","Hoạt động 16: Tiếp tục triển khai các hoạt động bảo vệ và phát triển các các hệ sinh thái, các sinh cảnh nhằm nâng cao hiệu quả bảo tồn ĐDSH","Hoạt động 16.1. Bảo vệ có hiệu quả lưu vực sông Giăng thuộc VQG Pù Mát nhằm bảo tồn các loài cá nước ngọt quý, hiếm và có giá trị;","Hoạt động 16.1. Bảo vệ có hiệu quả lưu vực sông Giăng thuộc VQG Pù Mát nhằm bảo tồn các loài cá nước ngọt quý, hiếm và có giá trị;","UBND tỉnh/
 VQG Pù Mát","UBND tỉnh/
 VQG Pù Mát",Khu Bảo vệ,Vườn QG Pù Mát,2018-2020,"Thành lập 1 khu bảo 
 vệ cá nước ngọt lưu vực 
 Sông Giăng",,,,,,,,,,,,,,,,,
Nghệ An,"B. Nhóm hoạt động nhằm bảo tồn, tăng cường trữ lượng các - bon và quản lý bền vững tài nguyên rừng","Hoạt động 16: Tiếp tục triển khai các hoạt động bảo vệ và phát triển các các hệ sinh thái, các sinh cảnh nhằm nâng cao hiệu quả bảo tồn ĐDSH",Hoạt động 16.2. Bảo vệ và trồng rừng ngập mặn ven biển;,Hoạt động 16.2. Bảo vệ và trồng rừng ngập mặn ven biển;,"UBND tỉnh/Sở NN&PTNT; Các Sở liên quan và UBND
 huyện ven biển","Sở NN&PTNT/
 UBND 6 huyện 
 ven biển",Ha,6 huyện ven biển,2018-2020,"Bảo vệ nguyên vẹn diện tích rừng ngặp mặn, rừng ven biển 6.900 ha đồng thời trồng 
 thêm 1100 ha rừng ven biển",,,,,,,,,,,,,,,,,
Nghệ An,"B. Nhóm hoạt động nhằm bảo tồn, tăng cường trữ lượng các - bon và quản lý bền vững tài nguyên rừng","Hoạt động 16: Tiếp tục triển khai các hoạt động bảo vệ và phát triển các các hệ sinh thái, các sinh cảnh nhằm nâng cao hiệu quả bảo tồn ĐDSH","Hoạt động 16.3. Thực hiện các mô hình quản lý và phát triển bền vững trên diện tích rừng tự nhiên đặc thù của tỉnh ở Yên Thành, Nam Đàn và Tương Dương.","Hoạt động 16.3. Thực hiện các mô hình quản lý và phát triển bền vững trên diện tích rừng tự nhiên đặc thù của tỉnh ở Yên Thành, Nam Đàn và Tương Dương.","Sở NN&PTNT/
 Các huyện","Sở NN&PTNT/
 Các huyện",mô hình,"Yên Thành, Nam Đàn và Tương Dương.",2018-2020,3.0,,,,,,,,,,,,,,,,,
Nghệ An,"B. Nhóm hoạt động nhằm bảo tồn, tăng cường trữ lượng các - bon và quản lý bền vững tài nguyên rừng","Hoạt động 16: Tiếp tục triển khai các hoạt động bảo vệ và phát triển các các hệ sinh thái, các sinh cảnh nhằm nâng cao hiệu quả bảo tồn ĐDSH","Hoạt động 16.4. Hạn chế các hoạt động khai thác tài nguyên cạn kiệt ở khu vực các hệ sinh thái ven biển, khu vực đảo Ngư, đảo Mắt","Hoạt động 16.4. Hạn chế các hoạt động khai thác tài nguyên cạn kiệt ở khu vực các hệ sinh thái ven biển, khu vực đảo Ngư, đảo Mắt","Sở NN& PTNT,
 Các địa phương","Sở NN& PTNT,
 Các địa phương",Khu bảo tồn,"khu vực đảo Ngư, đảo Mắt",2018-2020,2.0,,,,,,,,,,,,,,,,,
Nghệ An,"B. Nhóm hoạt động nhằm bảo tồn, tăng cường trữ lượng các - bon và quản lý bền vững tài nguyên rừng","Hoạt động 16: Tiếp tục triển khai các hoạt động bảo vệ và phát triển các các hệ sinh thái, các sinh cảnh nhằm nâng cao hiệu quả bảo tồn ĐDSH","Hoạt động 16.5. Nâng cao năng lực và thu nhập của cộng đồng trong bảo tồn và sử dụng bền vững các giá trị ĐDSH, đảm bảo sinh kế và thu nhập","Hoạt động 16.5. Nâng cao năng lực và thu nhập của cộng đồng trong bảo tồn và sử dụng bền vững các giá trị ĐDSH, đảm bảo sinh kế và thu nhập","Sở NN& PTNT,
 Các địa phương",3.0,số cộng đồng hưởng lọi,"3 cộng dồng thí điểm
 Quế Phong, Tương Dương, Yên Thành",2018-2020,3.0,,,,,,,,,,,,,,,,,
Nghệ An,"B. Nhóm hoạt động nhằm bảo tồn, tăng cường trữ lượng các - bon và quản lý bền vững tài nguyên rừng","Hoạt động 16: Tiếp tục triển khai các hoạt động bảo vệ và phát triển các các hệ sinh thái, các sinh cảnh nhằm nâng cao hiệu quả bảo tồn ĐDSH","Hoạt động 16.6. Bảo vệ các hệ sinh thái 
 quan trọng và nhạy cảm trên cạn","Hoạt động 16.6. Bảo vệ các hệ sinh thái 
 quan trọng và nhạy cảm trên cạn",Sở TN&MT,Sở NN&,,Khu bảo vệ cá Sông Giăng và khu bảo vệ cảnh quan biển,2018-2020,2.0,,,,,,,,,,,,,,,,,
Nghệ An,"B. Nhóm hoạt động nhằm bảo tồn, tăng cường trữ lượng các - bon và quản lý bền vững tài nguyên rừng","Hoạt động 17: Thí điểm, đánh giá và nhân rộng mô hình 
 quản lý rừng tự nhiên bền vững; bảo vệ, bảo tồn và phục hồi rừng.","Hoạt động17.1:  Thí điểm mô hình quản lý rừng bền vững tại Quế Phong, Quỳ Châu, Con Cuông về quản lý rừng Tre Lùng","Hoạt động17.1:  Thí điểm mô hình quản lý rừng bền vững tại Quế Phong, Quỳ Châu, Con Cuông về quản lý rừng Tre Lùng","Sở NN& PTNT, Các địa 
 phương thựuc hiện Redd+",Sở NN&PTNT; UBND huyện; Viện Lâm sản ngoài gỗ,ha,3000.0,2018-2020,3000.0,,,,,,,,,,,,,,,,,
Nghệ An,"B. Nhóm hoạt động nhằm bảo tồn, tăng cường trữ lượng các - bon và quản lý bền vững tài nguyên rừng","Hoạt động 17: Thí điểm, đánh giá và nhân rộng mô hình 
 quản lý rừng tự nhiên bền vững; bảo vệ, bảo tồn và phục hồi rừng.","Hoạt động 17.2: Thực hiện mô hình hợp tác giữa chủ rừng, người 
 dân và doanh nghiệp đóng góp vào bảo vệ, bảo tồn rừng thông qua các mô hình kinh doanh lâm sản ngoài gỗ và dịch vụ môi trường rừng.","Hoạt động 17.2: Thực hiện mô hình hợp tác giữa chủ rừng, người 
 dân và doanh nghiệp đóng góp vào bảo vệ, bảo tồn rừng thông qua các mô hình kinh doanh lâm sản ngoài gỗ và dịch vụ môi trường rừng.","Sở NN& PTNT, 
 Các địa 
 phương thực hiện Redd+",,Mô Hình,"Mô hình Dược liệu dưới tán
  rừng tại Hạnh Dịch Quế Phong; Mô hình Bảo vệ và Khai thác Thông lấy nhựa tại Đô Lương, Yên Thành, Nghi Lộc, Nam Đàn; Mô hình đồng quản lý rừng tại Tam Quang, Tương Dương.",2018-2020,3.0,,,,,,,,,,,,,,,,,
Nghệ An,"C. ) Hoàn thiện các yếu tố sẵn sàng thực hiện REDD+ đáp ứng yêu cầu của quốc gia, quốc tế.",Hoạt động 18:Hợp tác quốc tế/khu vực về REDD+,Hoạt động18.1: Xây dựng hệ thống quản lý thông tin REDD+,Hoạt động18.1: Xây dựng hệ thống quản lý thông tin REDD+,Sở NN&PTNT,Sở NN&PTNT,hệ thống,các khu vực thực hiện REDD+,2018-2020,1.0,,,,,,,,,,,,,,,,,
Nghệ An,"C. ) Hoàn thiện các yếu tố sẵn sàng thực hiện REDD+ đáp ứng yêu cầu của quốc gia, quốc tế.",Hoạt động 18:Hợp tác quốc tế/khu vực về REDD+,Hoạt động 18.2: Tăng cường sự tham gia của các bên liên quan.,Hoạt động 18.2: Tăng cường sự tham gia của các bên liên quan.,UBND tỉnh,Sở NN&PTNT,hội nghị,hội thảo cấp tỉnh hay huyện,2018-2020,"5 cuộc hội thảo, hội nghị",,,,,,,,,,,,,,,,,
Nghệ An,"C. ) Hoàn thiện các yếu tố sẵn sàng thực hiện REDD+ đáp ứng yêu cầu của quốc gia, quốc tế.",Hoạt động 19: Hợp tác quốc tế/khu vực về REDD+,Xây dựng hành lang liên biên giới Việt Lào,Xây dựng hành lang liên biên giới Việt Lào,"UBND Tỉnh, Khu DTSQ,
  VQG Pù Mát, Tỉnh Bolykhamxay","UBND tỉnh/Sở NN&PTNT, Vườn QG Pù Mát",Hành Lang,Vườn quốc gia Pù Mát và  khu bồi hoàn sinh thaí Tỉnh Bolykhămsay,2018-2020,1 hành lang,,,,,,,,,,,,,,,,,
