Safeguard name_l1,Criteria_l2,Criteria_l2_VN,Interpretation_l3,Interpretation_l3_VN,Criteria_number_l4,Indicator_name_l5,Indicator_name_l5_vn,Indicator type,Mean of verification,Column,Indicator table,Allias,Column 4,Column 5,Column 6,Column 7
Safegard A,NA,NA,Actions complement or are consistent with the objectives of national forest programmes and relevant international conventions and agreements,Hoạt động bổ sung hoặc phù hợp với các mục tiêu của chương trình lâm nghiệp quốc gia và công ước quốc tế có liên quan và các thỏa thuận,NA,N/A - Provincial safeguards monitoring system does not collect information on this safeguard.,N / A - biện pháp bảo vệ tỉnh hệ thống giám sát thực hiện thông tin không thu thập trên bảo vệ này.,NA,NA,,,,,,,
Safeguard B,B1. Accountability and Transparency,B1. Trách nhiệm giải trình và tính minh bạch,"Access to Information: Agencies responsible for developing and implementing the PRAPs must provide information regarding the proposed REDD+ actions through active dissemination during both development and implementation and upon request, in","Tiếp cận thông tin: Cơ quan chịu trách nhiệm phát triển và thực hiện PRAPs phải cung cấp thông tin về REDD + hành động đề xuất thông qua phổ biến tích cực trong cả hai phát triển và thực hiện và theo yêu cầu, trong",B1.1,A. PRAP/REDD+ plan displayed on provincial government website (Y/N),A. Prap / REDD + Kế hoạch hiển thị trên trang web của chính quyền tỉnh (Y / N),Process,Link on DARD/PPC website,,,,,,,
Safeguard B,B1. Accountability and Transparency,B1. Trách nhiệm giải trình và tính minh bạch,"Access to Information: Agencies responsible for developing and implementing the PRAPs must provide information regarding the proposed REDD+ actions through active dissemination during both development and implementation and upon request, in","Tiếp cận thông tin: Cơ quan chịu trách nhiệm phát triển và thực hiện PRAPs phải cung cấp thông tin về REDD + hành động đề xuất thông qua phổ biến tích cực trong cả hai phát triển và thực hiện và theo yêu cầu, trong",B1.1,B. Number of responses to information requests on PRAP/REDD+ as a proportion of requests received (target = 100%),B. Số lượng phản hồi các yêu cầu thông tin về Prap / REDD + như là một tỷ lệ yêu cầu nhận được (target = 100%),Process,PSO monitoring,,,,,,,
Safeguard B,B1. Accountability and Transparency,B1. Trách nhiệm giải trình và tính minh bạch,"Access to Information: Agencies responsible for developing and implementing the PRAPs must provide information regarding the proposed REDD+ actions through active dissemination during both development and implementation and upon request, in","Tiếp cận thông tin: Cơ quan chịu trách nhiệm phát triển và thực hiện PRAPs phải cung cấp thông tin về REDD + hành động đề xuất thông qua phổ biến tích cực trong cả hai phát triển và thực hiện và theo yêu cầu, trong",B1.1,C. Number of REDD+ awareness meetings/events held in reporting period at: Provincial level,C. Số REDD + họp / sự kiện tổ chức tại kỳ báo cáo tại nhận thức: Cấp tỉnh,Process,PSO monitoring (provincial meetings) + site reports (local level),,,,,,,
Safeguard B,B1. Accountability and Transparency,B1. Trách nhiệm giải trình và tính minh bạch,"Access to Information: Agencies responsible for developing and implementing the PRAPs must provide information regarding the proposed REDD+ actions through active dissemination during both development and implementation and upon request, in","Tiếp cận thông tin: Cơ quan chịu trách nhiệm phát triển và thực hiện PRAPs phải cung cấp thông tin về REDD + hành động đề xuất thông qua phổ biến tích cực trong cả hai phát triển và thực hiện và theo yêu cầu, trong",B1.1,C. Number of REDD+ awareness meetings/events held in reporting period at: Site/local level,C. Số cuộc họp cao nhận thức về REDD + / sự kiện tổ chức tại kỳ báo cáo tại địa chỉ: Trang web / cấp địa phương,Process,PSO monitoring (provincial meetings) + site reports (local level),,,,,,,
Safeguard B,B1. Accountability and Transparency,B1. Trách nhiệm giải trình và tính minh bạch,"Access to Information: Agencies responsible for developing and implementing the PRAPs must provide information regarding the proposed REDD+ actions through active dissemination during both development and implementation and upon request, in","Tiếp cận thông tin: Cơ quan chịu trách nhiệm phát triển và thực hiện PRAPs phải cung cấp thông tin về REDD + hành động đề xuất thông qua phổ biến tích cực trong cả hai phát triển và thực hiện và theo yêu cầu, trong",B1.1,D. Number of consultation meetings/workshops and participants in reporting period: Total number of consultations,D. Số tham khảo ý kiến ​​các cuộc họp / hội thảo và tham gia trong kỳ báo cáo: Tổng số tư vấn,Process,"Meeting/workshop reports and, participant lists",,,,,,,
Safeguard B,B1. Accountability and Transparency,B1. Trách nhiệm giải trình và tính minh bạch,"Access to Information: Agencies responsible for developing and implementing the PRAPs must provide information regarding the proposed REDD+ actions through active dissemination during both development and implementation and upon request, in","Tiếp cận thông tin: Cơ quan chịu trách nhiệm phát triển và thực hiện PRAPs phải cung cấp thông tin về REDD + hành động đề xuất thông qua phổ biến tích cực trong cả hai phát triển và thực hiện và theo yêu cầu, trong",B1.1,"D. Number of consultation meetings/workshops and participants in reporting period: Total number of participants (incl. by gender and type, e.g. govt/NGO/community)","D. Số tham khảo ý kiến ​​các cuộc họp / hội thảo và tham gia trong kỳ báo cáo: (. Bao gồm theo giới tính và chủng loại, ví dụ govt / NGO / cộng đồng) Tổng số người tham gia",Process,"Meeting/workshop reports and, participant lists",,,,,,,
Safeguard B,B1. Accountability and Transparency,B1. Trách nhiệm giải trình và tính minh bạch,"Access to Information: Agencies responsible for developing and implementing the PRAPs must provide information regarding the proposed REDD+ actions through active dissemination during both development and implementation and upon request, in","Tiếp cận thông tin: Cơ quan chịu trách nhiệm phát triển và thực hiện PRAPs phải cung cấp thông tin về REDD + hành động đề xuất thông qua phổ biến tích cực trong cả hai phát triển và thực hiện và theo yêu cầu, trong",B1.1,E. Percentage of FPIC processes/information provided in key EM languages present in area,E. Tỷ lệ phần trăm của các quá trình FPIC / thông tin được cung cấp bằng các ngôn ngữ EM trọng trình bày trong khu vực,Process,FPIC monitoring forms,,,,,,,
Safeguard B,B1. Accountability and Transparency,B1. Trách nhiệm giải trình và tính minh bạch,"Access to Information: Agencies responsible for developing and implementing the PRAPs must provide information regarding the proposed REDD+ actions through active dissemination during both development and implementation and upon request, in","Tiếp cận thông tin: Cơ quan chịu trách nhiệm phát triển và thực hiện PRAPs phải cung cấp thông tin về REDD + hành động đề xuất thông qua phổ biến tích cực trong cả hai phát triển và thực hiện và theo yêu cầu, trong",B1.1,F. REDD+ implementation/review information shared: Final provincial REDD+ M&E reports available on website (Y/N),F. REDD + thông tin thi / xét chung: Final tỉnh REDD + M & E báo cáo có sẵn trên trang web (Y / N),Process,PSO monitoring – Website /,,,,,,,
Safeguard B,B1. Accountability and Transparency,B1. Trách nhiệm giải trình và tính minh bạch,"Access to Information: Agencies responsible for developing and implementing the PRAPs must provide information regarding the proposed REDD+ actions through active dissemination during both development and implementation and upon request, in","Tiếp cận thông tin: Cơ quan chịu trách nhiệm phát triển và thực hiện PRAPs phải cung cấp thông tin về REDD + hành động đề xuất thông qua phổ biến tích cực trong cả hai phát triển và thực hiện và theo yêu cầu, trong",B1.1,F. REDD+ implementation/review information shared: Number of media reports related to REDD+ in province,F. REDD + thông tin thi / xét chung: Số lượng báo cáo phương tiện truyền thông liên quan đến REDD + trong tỉnh,Process,Media tracking,,,,,,,
Safeguard B,B1. Accountability and Transparency,B1. Trách nhiệm giải trình và tính minh bạch,"Accountability measures enshrined in the relevant PLRs, including those intended to tackle corruption, are expected to be applied. All public agencies are expected to act in accordance with their legal mandates and to follow the rules of behaviour","các biện pháp trách nhiệm giải trình được nêu trong PLRs có liên quan, bao gồm cả những dự định để giải quyết tham nhũng, dự kiến ​​sẽ được áp dụng. Tất cả các cơ quan công cộng dự kiến ​​sẽ hành động phù hợp với nhiệm vụ hợp pháp của họ và làm theo các quy tắc của hành vi",B1.2,A. Breakdown of PRAP/REDD+ funding and expenditure available and displayed on website (Y/N),A. Breakdown của Prap / REDD + kinh phí và chi tiêu có sẵn và hiển thị trên trang web (Y / N),Process,PRAP Mid-term/Final Implementation Report on DARD/PPC website,,,,,,,
Safeguard B,B1. Accountability and Transparency,B1. Trách nhiệm giải trình và tính minh bạch,"Accountability measures enshrined in the relevant PLRs, including those intended to tackle corruption, are expected to be applied. All public agencies are expected to act in accordance with their legal mandates and to follow the rules of behaviour","các biện pháp trách nhiệm giải trình được nêu trong PLRs có liên quan, bao gồm cả những dự định để giải quyết tham nhũng, dự kiến ​​sẽ được áp dụng. Tất cả các cơ quan công cộng dự kiến ​​sẽ hành động phù hợp với nhiệm vụ hợp pháp của họ và làm theo các quy tắc của hành vi",B1.2,B. Measures to reduce/avoid corruption/elite capture: provincial record from Database on Fighting Corruption?,B. Các biện pháp để giảm / tham nhũng tránh / ưu tú chụp: kỷ lục tỉnh từ cơ sở dữ liệu về chống tham nhũng?,Process,,,,,,,,
Safeguard B,B1. Accountability and Transparency,B1. Trách nhiệm giải trình và tính minh bạch,"Accountability measures enshrined in the relevant PLRs, including those intended to tackle corruption, are expected to be applied. All public agencies are expected to act in accordance with their legal mandates and to follow the rules of behaviour","các biện pháp trách nhiệm giải trình được nêu trong PLRs có liên quan, bao gồm cả những dự định để giải quyết tham nhũng, dự kiến ​​sẽ được áp dụng. Tất cả các cơ quan công cộng dự kiến ​​sẽ hành động phù hợp với nhiệm vụ hợp pháp của họ và làm theo các quy tắc của hành vi",B1.2,"B. Measures to reduce/avoid corruption/elite capture: results on any PaMs that tackle transparency/accountability in forest sector (e.g. cases of illegal logging prosecuted): Equitable participation in FPIC processes (linked indicator, ie can use in multiple places)","B. Các biện pháp để giảm / tránh tham nhũng / chụp ưu tú: kết quả trên bất kỳ PAMS rằng giải quyết minh bạch / trách nhiệm giải trình trong ngành lâm nghiệp (trường hợp ví dụ của khai thác trái phép bị truy tố): công bằng việc tham gia vào quá trình FPIC (chỉ số liên kết, tức là có thể sử dụng ở nhiều nơi)",Process,,,,,,,,
Safeguard B,B1. Accountability and Transparency,B1. Trách nhiệm giải trình và tính minh bạch,"Accountability measures enshrined in the relevant PLRs, including those intended to tackle corruption, are expected to be applied. All public agencies are expected to act in accordance with their legal mandates and to follow the rules of behaviour","các biện pháp trách nhiệm giải trình được nêu trong PLRs có liên quan, bao gồm cả những dự định để giải quyết tham nhũng, dự kiến ​​sẽ được áp dụng. Tất cả các cơ quan công cộng dự kiến ​​sẽ hành động phù hợp với nhiệm vụ hợp pháp của họ và làm theo các quy tắc của hành vi",B1.2,"C. No. complaints received and number addressed through GRM that relate to issues of accountability, corruption control, elite capture.","C. số khiếu nại nhận được và số quyết thông qua GRM có liên quan đến các vấn đề về trách nhiệm giải trình, kiểm soát tham nhũng, chụp ưu tú.",Output,From GRM reporting – disaggregation by basic complaint type would be needed,,,,,,,
Safeguard B,B2. Effective Forest Governance Structures,B2. Cơ cấu quản lý rừng hiệu quả,Rule of Law: All public agencies are expected to act in accordance with their legal mandates and to follow the rules of behaviour established in Viet Nam’s legal framework.,Quy tắc của Luật: Tất cả các cơ quan công cộng dự kiến ​​sẽ hành động phù hợp với nhiệm vụ hợp pháp của họ và làm theo các quy tắc của hành vi thành lập trong khuôn khổ pháp lý của Việt Nam.,B2.1,N/A,N / A,,,,,,,,,
Safeguard B,B2. Effective Forest Governance Structures,B2. Cơ cấu quản lý rừng hiệu quả,"Rights to use land and forest land: In the context of REDD+ in Viet Nam, this means that there is a clear regulatory framework defining ownership, management, access to and use of forests that is implemented in practice towards achieving reduced deforestation/forest degradation and enhancement of forest carbon stocks. Governance arrangements are expected to be appropriate, fair and equitable, ensuring that poor and vulnerable forest-dependent communities in particular are not further marginalised nor excluded from lands and forest lands and are enabled to access benefits from forests.","Quyền sử dụng đất và đất rừng: Trong bối cảnh REDD + tại Việt Nam, phương tiện này rằng có một khung pháp lý rõ ràng xác định quyền sở hữu, quản lý, truy cập và sử dụng rừng được thực hiện trong thực tế để đạt được giảm nạn phá rừng / suy thoái rừng và nâng cao trữ lượng các bon rừng. sắp xếp quản lý được dự kiến ​​sẽ được phù hợp, công bằng và công bằng, đảm bảo rằng các cộng đồng nghèo và dễ bị tổn thương phụ thuộc vào rừng nói riêng không tiếp tục bị thiệt thòi cũng không loại trừ khỏi các vùng đất và đất lâm nghiệp và được kích hoạt để lợi ích truy cập từ rừng.",B2.2,"A. Forest Land Allocation completed, by owner type:- total hectares by owner type","Phân bổ A. đất lâm nghiệp đã hoàn thành, theo loại chủ sở hữu: - Tổng ha theo loại chủ sở hữu",Impact,PFMS/FORMIS,,,,,,,
Safeguard B,B2. Effective Forest Governance Structures,B2. Cơ cấu quản lý rừng hiệu quả,"Rights to use land and forest land: In the context of REDD+ in Viet Nam, this means that there is a clear regulatory framework defining ownership, management, access to and use of forests that is implemented in practice towards achieving reduced deforestation/forest degradation and enhancement of forest carbon stocks. Governance arrangements are expected to be appropriate, fair and equitable, ensuring that poor and vulnerable forest-dependent communities in particular are not further marginalised nor excluded from lands and forest lands and are enabled to access benefits from forests.","Quyền sử dụng đất và đất rừng: Trong bối cảnh REDD + tại Việt Nam, phương tiện này rằng có một khung pháp lý rõ ràng xác định quyền sở hữu, quản lý, truy cập và sử dụng rừng được thực hiện trong thực tế để đạt được giảm nạn phá rừng / suy thoái rừng và nâng cao trữ lượng các bon rừng. sắp xếp quản lý được dự kiến ​​sẽ được phù hợp, công bằng và công bằng, đảm bảo rằng các cộng đồng nghèo và dễ bị tổn thương phụ thuộc vào rừng nói riêng không tiếp tục bị thiệt thòi cũng không loại trừ khỏi các vùng đất và đất lâm nghiệp và được kích hoạt để lợi ích truy cập từ rừng.",B2.2,"A. Forest Land Allocation completed, by owner type:- - % of FLA target reached","Phân bổ A. đất lâm nghiệp đã hoàn thành, theo loại chủ sở hữu: - -% của FLA mục tiêu đạt",Impact,PFMS/FORMIS,,,,,,,
Safeguard B,B2. Effective Forest Governance Structures,B2. Cơ cấu quản lý rừng hiệu quả,"Rights to use land and forest land: In the context of REDD+ in Viet Nam, this means that there is a clear regulatory framework defining ownership, management, access to and use of forests that is implemented in practice towards achieving reduced deforestation/forest degradation and enhancement of forest carbon stocks. Governance arrangements are expected to be appropriate, fair and equitable, ensuring that poor and vulnerable forest-dependent communities in particular are not further marginalised nor excluded from lands and forest lands and are enabled to access benefits from forests.","Quyền sử dụng đất và đất rừng: Trong bối cảnh REDD + tại Việt Nam, phương tiện này rằng có một khung pháp lý rõ ràng xác định quyền sở hữu, quản lý, truy cập và sử dụng rừng được thực hiện trong thực tế để đạt được giảm nạn phá rừng / suy thoái rừng và nâng cao trữ lượng các bon rừng. sắp xếp quản lý được dự kiến ​​sẽ được phù hợp, công bằng và công bằng, đảm bảo rằng các cộng đồng nghèo và dễ bị tổn thương phụ thuộc vào rừng nói riêng không tiếp tục bị thiệt thòi cũng không loại trừ khỏi các vùng đất và đất lâm nghiệp và được kích hoạt để lợi ích truy cập từ rừng.",B2.3,"A. Forest Land Allocation completed, by owner type:- - For community tenure, total no. communities receiving tenure, total ha allocated to communities, no. of EM communities","Phân bổ A. đất lâm nghiệp đã hoàn thành, theo loại chủ sở hữu: - - Đối với nhiệm kỳ cộng đồng, tổng số không. cộng đồng nhận nhiệm kỳ, tổng ha giao cho cộng đồng, không có. của các cộng đồng DTTS",Impact,PFMS/FORMIS,,,,,,,
Safeguard B,B2. Effective Forest Governance Structures,B2. Cơ cấu quản lý rừng hiệu quả,"Rights to use land and forest land: In the context of REDD+ in Viet Nam, this means that there is a clear regulatory framework defining ownership, management, access to and use of forests that is implemented in practice towards achieving reduced deforestation/forest degradation and enhancement of forest carbon stocks. Governance arrangements are expected to be appropriate, fair and equitable, ensuring that poor and vulnerable forest-dependent communities in particular are not further marginalised nor excluded from lands and forest lands and are enabled to access benefits from forests.","Quyền sử dụng đất và đất rừng: Trong bối cảnh REDD + tại Việt Nam, phương tiện này rằng có một khung pháp lý rõ ràng xác định quyền sở hữu, quản lý, truy cập và sử dụng rừng được thực hiện trong thực tế để đạt được giảm nạn phá rừng / suy thoái rừng và nâng cao trữ lượng các bon rừng. sắp xếp quản lý được dự kiến ​​sẽ được phù hợp, công bằng và công bằng, đảm bảo rằng các cộng đồng nghèo và dễ bị tổn thương phụ thuộc vào rừng nói riêng không tiếp tục bị thiệt thòi cũng không loại trừ khỏi các vùng đất và đất lâm nghiệp và được kích hoạt để lợi ích truy cập từ rừng.",B2.3,"B. No. Forest land use right certificates, by: Total no. of certificates issued in reporting period","Giấy chứng nhận quyền sử dụng đất B. số Forest, bởi: Tổng số không. Giấy chứng nhận được cấp trong kỳ báo cáo",Impact,PFMS/FORMIS,,,,,,,
Safeguard B,B2. Effective Forest Governance Structures,B2. Cơ cấu quản lý rừng hiệu quả,"Rights to use land and forest land: In the context of REDD+ in Viet Nam, this means that there is a clear regulatory framework defining ownership, management, access to and use of forests that is implemented in practice towards achieving reduced deforestation/forest degradation and enhancement of forest carbon stocks. Governance arrangements are expected to be appropriate, fair and equitable, ensuring that poor and vulnerable forest-dependent communities in particular are not further marginalised nor excluded from lands and forest lands and are enabled to access benefits from forests.","Quyền sử dụng đất và đất rừng: Trong bối cảnh REDD + tại Việt Nam, phương tiện này rằng có một khung pháp lý rõ ràng xác định quyền sở hữu, quản lý, truy cập và sử dụng rừng được thực hiện trong thực tế để đạt được giảm nạn phá rừng / suy thoái rừng và nâng cao trữ lượng các bon rừng. sắp xếp quản lý được dự kiến ​​sẽ được phù hợp, công bằng và công bằng, đảm bảo rằng các cộng đồng nghèo và dễ bị tổn thương phụ thuộc vào rừng nói riêng không tiếp tục bị thiệt thòi cũng không loại trừ khỏi các vùng đất và đất lâm nghiệp và được kích hoạt để lợi ích truy cập từ rừng.",B2.3,"B. No. Forest land use right certificates, by: % of certificates by a) EM status, b) HH poverty status c) omen’s names","Giấy chứng nhận quyền sử dụng đất B. số Forest, bởi:% giấy chứng nhận bởi a) tình trạng EM, b) HH nghèo tình trạng c) tên điềm của",Impact,PFMS/FORMIS,,,,,,,
Safeguard B,B2. Effective Forest Governance Structures,B2. Cơ cấu quản lý rừng hiệu quả,"Rights to use land and forest land: In the context of REDD+ in Viet Nam, this means that there is a clear regulatory framework defining ownership, management, access to and use of forests that is implemented in practice towards achieving reduced deforestation/forest degradation and enhancement of forest carbon stocks. Governance arrangements are expected to be appropriate, fair and equitable, ensuring that poor and vulnerable forest-dependent communities in particular are not further marginalised nor excluded from lands and forest lands and are enabled to access benefits from forests.","Quyền sử dụng đất và đất rừng: Trong bối cảnh REDD + tại Việt Nam, phương tiện này rằng có một khung pháp lý rõ ràng xác định quyền sở hữu, quản lý, truy cập và sử dụng rừng được thực hiện trong thực tế để đạt được giảm nạn phá rừng / suy thoái rừng và nâng cao trữ lượng các bon rừng. sắp xếp quản lý được dự kiến ​​sẽ được phù hợp, công bằng và công bằng, đảm bảo rằng các cộng đồng nghèo và dễ bị tổn thương phụ thuộc vào rừng nói riêng không tiếp tục bị thiệt thòi cũng không loại trừ khỏi các vùng đất và đất lâm nghiệp và được kích hoạt để lợi ích truy cập từ rừng.",B2.3,D. No. forest LURCs under ‘in conflict’ and number resolved in the reporting period,D. số GCNQSDĐ rừng dưới ‘mâu thuẫn’ và số được giải quyết trong giai đoạn báo cáo,Impact,PFMS/FORMIS,,,,,,,
Safeguard B,B2. Effective Forest Governance Structures,B2. Cơ cấu quản lý rừng hiệu quả,"Rights to use land and forest land: In the context of REDD+ in Viet Nam, this means that there is a clear regulatory framework defining ownership, management, access to and use of forests that is implemented in practice towards achieving reduced deforestation/forest degradation and enhancement of forest carbon stocks. Governance arrangements are expected to be appropriate, fair and equitable, ensuring that poor and vulnerable forest-dependent communities in particular are not further marginalised nor excluded from lands and forest lands and are enabled to access benefits from forests.","Quyền sử dụng đất và đất rừng: Trong bối cảnh REDD + tại Việt Nam, phương tiện này rằng có một khung pháp lý rõ ràng xác định quyền sở hữu, quản lý, truy cập và sử dụng rừng được thực hiện trong thực tế để đạt được giảm nạn phá rừng / suy thoái rừng và nâng cao trữ lượng các bon rừng. sắp xếp quản lý được dự kiến ​​sẽ được phù hợp, công bằng và công bằng, đảm bảo rằng các cộng đồng nghèo và dễ bị tổn thương phụ thuộc vào rừng nói riêng không tiếp tục bị thiệt thòi cũng không loại trừ khỏi các vùng đất và đất lâm nghiệp và được kích hoạt để lợi ích truy cập từ rừng.",B2.3,E. Forest area (ha) contracted through forest protection contracts: Total ha contracted to communities (disaggregated by ha contracted to EM communities),khu vực E. rừng (ha) đã ký hợp đồng thông qua hợp đồng bảo vệ rừng: Tổng ha ký hợp đồng để cộng đồng (chia theo ha ký hợp đồng để cộng đồng DTTS),Impact,PFMS/FORMIS?,,,,,,,
Safeguard B,B2. Effective Forest Governance Structures,B2. Cơ cấu quản lý rừng hiệu quả,"Rights to use land and forest land: In the context of REDD+ in Viet Nam, this means that there is a clear regulatory framework defining ownership, management, access to and use of forests that is implemented in practice towards achieving reduced deforestation/forest degradation and enhancement of forest carbon stocks. Governance arrangements are expected to be appropriate, fair and equitable, ensuring that poor and vulnerable forest-dependent communities in particular are not further marginalised nor excluded from lands and forest lands and are enabled to access benefits from forests.","Quyền sử dụng đất và đất rừng: Trong bối cảnh REDD + tại Việt Nam, phương tiện này rằng có một khung pháp lý rõ ràng xác định quyền sở hữu, quản lý, truy cập và sử dụng rừng được thực hiện trong thực tế để đạt được giảm nạn phá rừng / suy thoái rừng và nâng cao trữ lượng các bon rừng. sắp xếp quản lý được dự kiến ​​sẽ được phù hợp, công bằng và công bằng, đảm bảo rằng các cộng đồng nghèo và dễ bị tổn thương phụ thuộc vào rừng nói riêng không tiếp tục bị thiệt thòi cũng không loại trừ khỏi các vùng đất và đất lâm nghiệp và được kích hoạt để lợi ích truy cập từ rừng.",B2.3,"E. Forest area (ha) contracted through forest protection contracts: Total ha contracted to HHs (disaggregated by EM status, poverty status and female headed HHs, compared to their proportion in population )","khu vực E. rừng (ha) đã ký hợp đồng thông qua hợp đồng bảo vệ rừng: Tổng số Hà ký hợp đồng cho các hộ (phân theo tình trạng EM, tình trạng đói nghèo và hộ chủ hộ là nữ, so với tỷ lệ của họ trong dân số)",Impact,PFMS/FORMIS?,,,,,,,
Safeguard B,B2. Effective Forest Governance Structures,B2. Cơ cấu quản lý rừng hiệu quả,"Rights to use land and forest land: In the context of REDD+ in Viet Nam, this means that there is a clear regulatory framework defining ownership, management, access to and use of forests that is implemented in practice towards achieving reduced deforestation/forest degradation and enhancement of forest carbon stocks. Governance arrangements are expected to be appropriate, fair and equitable, ensuring that poor and vulnerable forest-dependent communities in particular are not further marginalised nor excluded from lands and forest lands and are enabled to access benefits from forests.","Quyền sử dụng đất và đất rừng: Trong bối cảnh REDD + tại Việt Nam, phương tiện này rằng có một khung pháp lý rõ ràng xác định quyền sở hữu, quản lý, truy cập và sử dụng rừng được thực hiện trong thực tế để đạt được giảm nạn phá rừng / suy thoái rừng và nâng cao trữ lượng các bon rừng. sắp xếp quản lý được dự kiến ​​sẽ được phù hợp, công bằng và công bằng, đảm bảo rằng các cộng đồng nghèo và dễ bị tổn thương phụ thuộc vào rừng nói riêng không tiếp tục bị thiệt thòi cũng không loại trừ khỏi các vùng đất và đất lâm nghiệp và được kích hoạt để lợi ích truy cập từ rừng.",B2.3,"F. Co-management arrangements: Number of new co-management arrangements established, and area covered (ha)","sắp xếp F. Đồng quản lý: Số mới sắp xếp đồng quản lý xây dựng, và diện tích che phủ (ha)",Output,Co-management group decision / plans (SSO submitted documents),,,,,,,
Safeguard B,B2. Effective Forest Governance Structures,B2. Cơ cấu quản lý rừng hiệu quả,"Rights to use land and forest land: In the context of REDD+ in Viet Nam, this means that there is a clear regulatory framework defining ownership, management, access to and use of forests that is implemented in practice towards achieving reduced deforestation/forest degradation and enhancement of forest carbon stocks. Governance arrangements are expected to be appropriate, fair and equitable, ensuring that poor and vulnerable forest-dependent communities in particular are not further marginalised nor excluded from lands and forest lands and are enabled to access benefits from forests.","Quyền sử dụng đất và đất rừng: Trong bối cảnh REDD + tại Việt Nam, phương tiện này rằng có một khung pháp lý rõ ràng xác định quyền sở hữu, quản lý, truy cập và sử dụng rừng được thực hiện trong thực tế để đạt được giảm nạn phá rừng / suy thoái rừng và nâng cao trữ lượng các bon rừng. sắp xếp quản lý được dự kiến ​​sẽ được phù hợp, công bằng và công bằng, đảm bảo rằng các cộng đồng nghèo và dễ bị tổn thương phụ thuộc vào rừng nói riêng không tiếp tục bị thiệt thòi cũng không loại trừ khỏi các vùng đất và đất lâm nghiệp và được kích hoạt để lợi ích truy cập từ rừng.",B2.3,"F. Co-management arrangements: Number of existing co-management arrangements strengthened (no. of plans and areas covered in ha): Number of communities participating in co-management arrangements (as a proportion of total number of communities in REDD+ areas, C1.2 A)","sắp xếp F. Đồng quản lý: Số lượng các thỏa thuận đồng quản lý hiện tăng cường (không kế hoạch và các khu vực được đề cập trong ha.): Số lượng các cộng đồng tham gia vào các thỏa thuận đồng quản lý (như là một tỷ lệ tổng số cộng đồng trong REDD + khu vực, C1 .2 A)",Output,Co-management group decision / plans (SSO submitted documents),,,,,,,
Safeguard B,B2. Effective Forest Governance Structures,B2. Cơ cấu quản lý rừng hiệu quả,"Rights to use land and forest land: In the context of REDD+ in Viet Nam, this means that there is a clear regulatory framework defining ownership, management, access to and use of forests that is implemented in practice towards achieving reduced deforestation/forest degradation and enhancement of forest carbon stocks. Governance arrangements are expected to be appropriate, fair and equitable, ensuring that poor and vulnerable forest-dependent communities in particular are not further marginalised nor excluded from lands and forest lands and are enabled to access benefits from forests.","Quyền sử dụng đất và đất rừng: Trong bối cảnh REDD + tại Việt Nam, phương tiện này rằng có một khung pháp lý rõ ràng xác định quyền sở hữu, quản lý, truy cập và sử dụng rừng được thực hiện trong thực tế để đạt được giảm nạn phá rừng / suy thoái rừng và nâng cao trữ lượng các bon rừng. sắp xếp quản lý được dự kiến ​​sẽ được phù hợp, công bằng và công bằng, đảm bảo rằng các cộng đồng nghèo và dễ bị tổn thương phụ thuộc vào rừng nói riêng không tiếp tục bị thiệt thòi cũng không loại trừ khỏi các vùng đất và đất lâm nghiệp và được kích hoạt để lợi ích truy cập từ rừng.",B2.3,H. Implementation of FPIC processes: Number of FPIC processes completed with documentation submitted to PSO,H. Thực hiện quá trình FPIC: Số FPIC các quá trình hoàn thành với các tài liệu nộp cho PSO,Output,SEE SG C,,,,,,,
Safeguard B,B2. Effective Forest Governance Structures,B2. Cơ cấu quản lý rừng hiệu quả,"Rights to use land and forest land: In the context of REDD+ in Viet Nam, this means that there is a clear regulatory framework defining ownership, management, access to and use of forests that is implemented in practice towards achieving reduced deforestation/forest degradation and enhancement of forest carbon stocks. Governance arrangements are expected to be appropriate, fair and equitable, ensuring that poor and vulnerable forest-dependent communities in particular are not further marginalised nor excluded from lands and forest lands and are enabled to access benefits from forests.","Quyền sử dụng đất và đất rừng: Trong bối cảnh REDD + tại Việt Nam, phương tiện này rằng có một khung pháp lý rõ ràng xác định quyền sở hữu, quản lý, truy cập và sử dụng rừng được thực hiện trong thực tế để đạt được giảm nạn phá rừng / suy thoái rừng và nâng cao trữ lượng các bon rừng. sắp xếp quản lý được dự kiến ​​sẽ được phù hợp, công bằng và công bằng, đảm bảo rằng các cộng đồng nghèo và dễ bị tổn thương phụ thuộc vào rừng nói riêng không tiếp tục bị thiệt thòi cũng không loại trừ khỏi các vùng đất và đất lâm nghiệp và được kích hoạt để lợi ích truy cập từ rừng.",B2.3,H. Implementation of FPIC processes: Number of FPIC processes where support is confirmed by communities (as proportion of total number of FPIC processes carried out),H. Thực hiện quá trình FPIC: Số FPIC xử lý nơi hỗ trợ được xác nhận bởi cộng đồng (như tỷ lệ của tổng số FPIC các quá trình thực hiện),Output,SEE SG C,,,,,,,
Safeguard B,B2. Effective Forest Governance Structures,B2. Cơ cấu quản lý rừng hiệu quả,"Rights to use land and forest land: In the context of REDD+ in Viet Nam, this means that there is a clear regulatory framework defining ownership, management, access to and use of forests that is implemented in practice towards achieving reduced deforestation/forest degradation and enhancement of forest carbon stocks. Governance arrangements are expected to be appropriate, fair and equitable, ensuring that poor and vulnerable forest-dependent communities in particular are not further marginalised nor excluded from lands and forest lands and are enabled to access benefits from forests.","Quyền sử dụng đất và đất rừng: Trong bối cảnh REDD + tại Việt Nam, phương tiện này rằng có một khung pháp lý rõ ràng xác định quyền sở hữu, quản lý, truy cập và sử dụng rừng được thực hiện trong thực tế để đạt được giảm nạn phá rừng / suy thoái rừng và nâng cao trữ lượng các bon rừng. sắp xếp quản lý được dự kiến ​​sẽ được phù hợp, công bằng và công bằng, đảm bảo rằng các cộng đồng nghèo và dễ bị tổn thương phụ thuộc vào rừng nói riêng không tiếp tục bị thiệt thòi cũng không loại trừ khỏi các vùng đất và đất lâm nghiệp và được kích hoạt để lợi ích truy cập từ rừng.",B2.3,I. No. complaints received and addressed that relate to issues of rights to land/resources (disaggregated by EM / gender status of complainants if possible),I. Số khiếu nại nhận và giải quyết có liên quan đến các vấn đề về quyền đối với đất / tài nguyên (chia theo EM / tình trạng giới tính của người khiếu nại nếu có thể),Output,From GRM reporting – disaggregation by basic complaint type would be needed,,,,,,,
Safeguard B,B2. Effective Forest Governance Structures,B2. Cơ cấu quản lý rừng hiệu quả,"Equitable benefit sharing: Recognition of the role of forests and sharing of benefits in terms of rural development and poverty reduction, in particular for ethnic minorities and other groups that are dependent on forest lands and resources for their livelihoods","chia sẻ lợi ích công bằng: Công nhận về vai trò của rừng và chia sẻ lợi ích về phát triển nông thôn và xóa đói giảm nghèo, đặc biệt đối với dân tộc thiểu số và các nhóm khác mà phụ thuộc vào đất rừng và tài nguyên cho sinh kế của họ",B2.3,A. No. of Community Benefit-sharing agreements : Total number of agreements,A. Số Cộng đồng thỏa thuận chia sẻ lợi ích: Tổng số các thỏa thuận,Output,Community benefit-sharing agreements,,,,,,,
Safeguard B,B2. Effective Forest Governance Structures,B2. Cơ cấu quản lý rừng hiệu quả,"Equitable benefit sharing: Recognition of the role of forests and sharing of benefits in terms of rural development and poverty reduction, in particular for ethnic minorities and other groups that are dependent on forest lands and resources for their livelihoods","chia sẻ lợi ích công bằng: Công nhận về vai trò của rừng và chia sẻ lợi ích về phát triển nông thôn và xóa đói giảm nghèo, đặc biệt đối với dân tộc thiểu số và các nhóm khác mà phụ thuộc vào đất rừng và tài nguyên cho sinh kế của họ",B2.3,A. No. of Community Benefit-sharing agreements : Number of HHs covered by agreements (and proportion of EM households),A. Số Cộng đồng thỏa thuận chia sẻ lợi ích: Số hộ được ký cam kết (và tỷ lệ hộ EM),Output,Community benefit-sharing agreements,,,,,,,
Safeguard B,B2. Effective Forest Governance Structures,B2. Cơ cấu quản lý rừng hiệu quả,"Equitable benefit sharing: Recognition of the role of forests and sharing of benefits in terms of rural development and poverty reduction, in particular for ethnic minorities and other groups that are dependent on forest lands and resources for their livelihoods","chia sẻ lợi ích công bằng: Công nhận về vai trò của rừng và chia sẻ lợi ích về phát triển nông thôn và xóa đói giảm nghèo, đặc biệt đối với dân tộc thiểu số và các nhóm khác mà phụ thuộc vào đất rừng và tài nguyên cho sinh kế của họ",B2.3,"Benefit sharing outcomes (i.e. funds transferred, recipients etc )","kết quả chia sẻ lợi ích (ví dụ: quỹ chuyển nhượng, người nhận vv)",Output,Community benefit-sharing agreements,,,,,,,
Safeguard B,B2. Effective Forest Governance Structures,B2. Cơ cấu quản lý rừng hiệu quả,"Equitable benefit sharing: Recognition of the role of forests and sharing of benefits in terms of rural development and poverty reduction, in particular for ethnic minorities and other groups that are dependent on forest lands and resources for their livelihoods","chia sẻ lợi ích công bằng: Công nhận về vai trò của rừng và chia sẻ lợi ích về phát triển nông thôn và xóa đói giảm nghèo, đặc biệt đối với dân tộc thiểu số và các nhóm khác mà phụ thuộc vào đất rừng và tài nguyên cho sinh kế của họ",B2.3,B. No. households with forest protection contracts,B. số hộ gia đình có hợp đồng bảo vệ rừng,Output,SAME AS INDICATOR ABOVE – B2.2 F (incl disaggregation as above),,,,,,,
Safeguard B,B2. Effective Forest Governance Structures,B2. Cơ cấu quản lý rừng hiệu quả,"Equitable benefit sharing: Recognition of the role of forests and sharing of benefits in terms of rural development and poverty reduction, in particular for ethnic minorities and other groups that are dependent on forest lands and resources for their livelihoods","chia sẻ lợi ích công bằng: Công nhận về vai trò của rừng và chia sẻ lợi ích về phát triển nông thôn và xóa đói giảm nghèo, đặc biệt đối với dân tộc thiểu số và các nhóm khác mà phụ thuộc vào đất rừng và tài nguyên cho sinh kế của họ",B2.3,C. Benefit sharing outcomes through PFES: Number of recipients of PFES payments in province,C. Lợi ích chia sẻ các kết quả thông qua PFES: Số người nhận thanh toán PFES tại tỉnh,Impact,PFES reporting/database,,,,,,,
Safeguard B,B2. Effective Forest Governance Structures,B2. Cơ cấu quản lý rừng hiệu quả,"Equitable benefit sharing: Recognition of the role of forests and sharing of benefits in terms of rural development and poverty reduction, in particular for ethnic minorities and other groups that are dependent on forest lands and resources for their livelihoods","chia sẻ lợi ích công bằng: Công nhận về vai trò của rừng và chia sẻ lợi ích về phát triển nông thôn và xóa đói giảm nghèo, đặc biệt đối với dân tộc thiểu số và các nhóm khác mà phụ thuộc vào đất rừng và tài nguyên cho sinh kế của họ",B2.3,C. Benefit sharing outcomes through PFES: Hectares covered by PFES arrangements: Total amount of PFES payments disbursed in reporting period,C. Lợi ích chia sẻ kết quả qua PFES: hecta được bao phủ bởi các thỏa thuận PFES: Tổng số tiền thanh toán PFES giải ngân trong giai đoạn báo cáo,Impact,,,,,,,,
Safeguard B,B2. Effective Forest Governance Structures,B2. Cơ cấu quản lý rừng hiệu quả,Gender equality is expected to be addressed and respected throughout the implementation of the NRAP and PRAPs,Bình đẳng giới dự kiến ​​sẽ được giải quyết và tôn trọng trong suốt thi hành NRAP và PRAPs,B2.4,A. Gender representation/participation information collected via other indicators:,A. Giới tính thông tin đại diện / tham gia thu thập thông qua các chỉ số khác:,Process/output,Linked to other indicators,,,,,,,
Safeguard B,B2. Effective Forest Governance Structures,B2. Cơ cấu quản lý rừng hiệu quả,Gender equality is expected to be addressed and respected throughout the implementation of the NRAP and PRAPs,Bình đẳng giới dự kiến ​​sẽ được giải quyết và tôn trọng trong suốt thi hành NRAP và PRAPs,B2.4,B1.1 D;,B.1.1 D;,Process/output,Linked to other indicators,,,,,,,
Safeguard B,B2. Effective Forest Governance Structures,B2. Cơ cấu quản lý rừng hiệu quả,Gender equality is expected to be addressed and respected throughout the implementation of the NRAP and PRAPs,Bình đẳng giới dự kiến ​​sẽ được giải quyết và tôn trọng trong suốt thi hành NRAP và PRAPs,B2.4,"B2.2 B, C, F, I","B2.2 B, C, F, I",Process/output,Linked to other indicators,,,,,,,
Safeguard B,B2. Effective Forest Governance Structures,B2. Cơ cấu quản lý rừng hiệu quả,Gender equality is expected to be addressed and respected throughout the implementation of the NRAP and PRAPs,Bình đẳng giới dự kiến ​​sẽ được giải quyết và tôn trọng trong suốt thi hành NRAP và PRAPs,B2.4,"B. GSO provincial level statistics for latest year available: Women in forest sector employment or if not available, in agriculture & forest sector employment","B. Tổng cục Thống kê thống kê cấp tỉnh cho năm mới nhất có sẵn: Phụ nữ trong lao động ngành lâm nghiệp hoặc nếu không có sẵn, trong nông nghiệp & ngành lâm nghiệp việc làm",Context,Provincial Statistics Office,,,,,,,
Safeguard B,B2. Effective Forest Governance Structures,B2. Cơ cấu quản lý rừng hiệu quả,Gender equality is expected to be addressed and respected throughout the implementation of the NRAP and PRAPs,Bình đẳng giới dự kiến ​​sẽ được giải quyết và tôn trọng trong suốt thi hành NRAP và PRAPs,B2.4,B. GSO provincial level statistics for latest year available: Gender Development Index by provinceGender Inequality Index by province,B. Tổng cục Thống kê thống kê cấp tỉnh cho năm mới nhất có sẵn: Chỉ số phát triển giới tính của provinceGender bất bình đẳng Index của tỉnh,Context,Provincial Statistics Office,,,,,,,
Safeguard B,B2. Effective Forest Governance Structures,B2. Cơ cấu quản lý rừng hiệu quả,Gender equality is expected to be addressed and respected throughout the implementation of the NRAP and PRAPs,Bình đẳng giới dự kiến ​​sẽ được giải quyết và tôn trọng trong suốt thi hành NRAP và PRAPs,B2.4,C. Implementation of FPIC processes: Percentage of FPIC processes completed with documentation submitted to PSO where target on female participation was achieved,C. Thực hiện FPIC xử lý: Tỷ lệ FPIC các quá trình hoàn thành với các tài liệu nộp cho PSO nơi mục tiêu về sự tham gia nữ đã đạt được,Process,FPIC monitoring forms – PSO to compile figure from these forms,,,,,,,
Safeguard B,B2. Effective Forest Governance Structures,B2. Cơ cấu quản lý rừng hiệu quả,"Cross-sectoral coordination between related ministries and agencies, including those in the land and forest sectors, is important, and the legal framework defines mechanisms and institutional arrangements to support this, including clear lines of communication between and across sectors and levels of government for forest management","Phối hợp liên ngành giữa các Bộ có liên quan và các cơ quan, bao gồm cả những người trong lĩnh vực đất đai và rừng, là quan trọng, và khuôn khổ định nghĩa cơ chế pháp lý và thể chế để hỗ trợ này, trong đó có dòng rõ ràng về thông tin liên lạc giữa và giữa các ngành và các cấp chính quyền đối với rừng sự quản lý",B2.5,A. Provincial REDD+ Steering Committee established (Y/N),Ban Chỉ đạo A. tỉnh REDD + thành lập (Y / N),Process/Output,PPC Decision,,,,,,,
Safeguard B,B2. Effective Forest Governance Structures,B2. Cơ cấu quản lý rừng hiệu quả,"Cross-sectoral coordination between related ministries and agencies, including those in the land and forest sectors, is important, and the legal framework defines mechanisms and institutional arrangements to support this, including clear lines of communication between and across sectors and levels of government for forest management","Phối hợp liên ngành giữa các Bộ có liên quan và các cơ quan, bao gồm cả những người trong lĩnh vực đất đai và rừng, là quan trọng, và khuôn khổ định nghĩa cơ chế pháp lý và thể chế để hỗ trợ này, trong đó có dòng rõ ràng về thông tin liên lạc giữa và giữa các ngành và các cấp chính quyền đối với rừng sự quản lý",B2.5,B. Cross sector REDD+ coordination meetings: Number of meetings held and total number of participants,B. Chữ thập ngành REDD + cuộc họp phối hợp: Số lượng các cuộc họp tổ chức và tổng số người tham gia,Process,"PSO monitoring (provincial meetings) - Participant lists, minutes",,,,,,,
Safeguard B,B2. Effective Forest Governance Structures,B2. Cơ cấu quản lý rừng hiệu quả,"Cross-sectoral coordination between related ministries and agencies, including those in the land and forest sectors, is important, and the legal framework defines mechanisms and institutional arrangements to support this, including clear lines of communication between and across sectors and levels of government for forest management","Phối hợp liên ngành giữa các Bộ có liên quan và các cơ quan, bao gồm cả những người trong lĩnh vực đất đai và rừng, là quan trọng, và khuôn khổ định nghĩa cơ chế pháp lý và thể chế để hỗ trợ này, trong đó có dòng rõ ràng về thông tin liên lạc giữa và giữa các ngành và các cấp chính quyền đối với rừng sự quản lý",B2.5,"B. Cross sector REDD+ coordination meetings: Breakdown of PSC membership: sectors represented (e.g. inclusion of planning, finance, construction, welfare, etc)","B. Chữ thập ngành REDD + cuộc họp phối hợp: Cơ cấu thành viên PSC: ngành đại diện (bao gồm ví dụ của việc lập kế hoạch, tài chính, xây dựng, phúc lợi, vv)",Process,"PSO monitoring (provincial meetings) - Participant lists, minutes",,,,,,,
Safeguard B,B2. Effective Forest Governance Structures,B2. Cơ cấu quản lý rừng hiệu quả,"Cross-sectoral coordination between related ministries and agencies, including those in the land and forest sectors, is important, and the legal framework defines mechanisms and institutional arrangements to support this, including clear lines of communication between and across sectors and levels of government for forest management","Phối hợp liên ngành giữa các Bộ có liên quan và các cơ quan, bao gồm cả những người trong lĩnh vực đất đai và rừng, là quan trọng, và khuôn khổ định nghĩa cơ chế pháp lý và thể chế để hỗ trợ này, trong đó có dòng rõ ràng về thông tin liên lạc giữa và giữa các ngành và các cấp chính quyền đối với rừng sự quản lý",B2.5,C. Number of integrated planning arrangements (may differ depending on REDD+ intervention packages): Number of district/provincial integrated master plans completed following Integrated Planning Law (2017),C. Số thỏa thuận quy hoạch tổng hợp (có thể khác nhau tùy theo gói can thiệp REDD +): Số lượng / quy hoạch tổng thể tích hợp tỉnh huyện hoàn thành sau Luật Kế hoạch tổng hợp (2017),Output,DPI / Overall REDD+ M&E for implementation of interventions,,,,,,,
Safeguard B,B2. Effective Forest Governance Structures,B2. Cơ cấu quản lý rừng hiệu quả,"Cross-sectoral coordination between related ministries and agencies, including those in the land and forest sectors, is important, and the legal framework defines mechanisms and institutional arrangements to support this, including clear lines of communication between and across sectors and levels of government for forest management","Phối hợp liên ngành giữa các Bộ có liên quan và các cơ quan, bao gồm cả những người trong lĩnh vực đất đai và rừng, là quan trọng, và khuôn khổ định nghĩa cơ chế pháp lý và thể chế để hỗ trợ này, trong đó có dòng rõ ràng về thông tin liên lạc giữa và giữa các ngành và các cấp chính quyền đối với rừng sự quản lý",B2.5,"C. Number of integrated planning arrangements (may differ depending on REDD+ intervention packages): Number of cross-sector platforms/partnerships established (e.g. for coffee, rubber, shrimp or other commodity production)","C. Số thỏa thuận quy hoạch tổng hợp (có thể khác nhau tùy theo gói can thiệp REDD +): Số lượng nền tảng chéo ngành / quan hệ đối tác thành lập (ví dụ cho cà phê, cao su, tôm hoặc sản xuất hàng hoá khác)",Output,DPI / Overall REDD+ M&E for implementation of interventions,,,,,,,
Safeguard B,B2. Effective Forest Governance Structures,B2. Cơ cấu quản lý rừng hiệu quả,Access to justice: The relevant dispute and conflict resolution mechanisms are expected to be available to stakeholders throughout the implementation of the proposed REDD+ actions under the NRAP and PRAPs to address any disputes arising from their implementation.,Tiếp cận công lý: Các cơ chế tranh chấp và giải quyết xung đột liên quan dự kiến ​​sẽ được cung cấp cho các bên liên quan trong suốt thực hiện các hành động đề xuất REDD + dưới NRAP và PRAPs để giải quyết bất kỳ tranh chấp phát sinh từ việc thực hiện của họ.,B2.6,A. GRM for REDD+ is established / operational down to commune/village level in all REDD+ areas (Y/N),A. GRM cho REDD + được thành lập / xuống hoạt động để cấp xã / làng trong mọi lĩnh vực REDD + (Y / N),Process,PSO,,,,,,,
Safeguard B,B2. Effective Forest Governance Structures,B2. Cơ cấu quản lý rừng hiệu quả,Access to justice: The relevant dispute and conflict resolution mechanisms are expected to be available to stakeholders throughout the implementation of the proposed REDD+ actions under the NRAP and PRAPs to address any disputes arising from their implementation.,Tiếp cận công lý: Các cơ chế tranh chấp và giải quyết xung đột liên quan dự kiến ​​sẽ được cung cấp cho các bên liên quan trong suốt thực hiện các hành động đề xuất REDD + dưới NRAP và PRAPs để giải quyết bất kỳ tranh chấp phát sinh từ việc thực hiện của họ.,B2.6,"A. Number of grievances received, and number resolved, disaggregated by: Type/category of grievance","A. Số khiếu nại nhận được, và số được giải quyết, phân tổ theo: Loại / chủng loại khiếu nại",Process/output,GRM reporting / SSOs?,,,,,,,
Safeguard B,B2. Effective Forest Governance Structures,B2. Cơ cấu quản lý rừng hiệu quả,Access to justice: The relevant dispute and conflict resolution mechanisms are expected to be available to stakeholders throughout the implementation of the proposed REDD+ actions under the NRAP and PRAPs to address any disputes arising from their implementation.,Tiếp cận công lý: Các cơ chế tranh chấp và giải quyết xung đột liên quan dự kiến ​​sẽ được cung cấp cho các bên liên quan trong suốt thực hiện các hành động đề xuất REDD + dưới NRAP và PRAPs để giải quyết bất kỳ tranh chấp phát sinh từ việc thực hiện của họ.,B2.6,"A. Number of grievances received, and number resolved, disaggregated by: Type of complainant (e.g. EM status, gender, poverty status)","A. Số khiếu nại nhận được, và số được giải quyết, phân tổ theo: Loại người khiếu nại (ví dụ tình trạng EM, giới tính, tình trạng nghèo đói)",Process/output,"OTHER GRM INDICATORS SHOULD LINK TO THIS ONE, I.E. B2.6 A IS THE MASTER INFDICTATOR.",,,,,,,
Safeguard B,B2. Effective Forest Governance Structures,B2. Cơ cấu quản lý rừng hiệu quả,,,,,,Process/output,,,,,,,,
Safeguard B,B2. Effective Forest Governance Structures,B2. Cơ cấu quản lý rừng hiệu quả,Stakeholder engagement: Recognition of the right to participate in REDD+ planning and implementation,,B2.7,Covered under safeguard (d),,Process/output,,,,,,,,
Safeguard C,C1. Recognition of ethnic minorities and local communities,C1. Công nhận dân tộc thiểu số và cộng đồng địa phương,"The understanding, experience and initiatives of ethnic minorities and of local communities, built up over a long period of time and transmitted from generation to generation, and the rights of ethnic minorities and local communities as defined in the Constitution and other relevant PLRs, are to be respected throughout the implementation of REDD+ actions under the PRAPs",,C1.1,N/A – National level policies (address),,,,,,,,,,
Safeguard C,C1. Recognition of ethnic minorities and local communities,C1. Công nhận dân tộc thiểu số và cộng đồng địa phương,"The understanding, experience and initiatives of ethnic minorities and of local communities, built up over a long period of time and transmitted from generation to generation, and the rights of ethnic minorities and local communities as defined in the Constitution and other relevant PLRs, are to be respected throughout the implementation of REDD+ actions under the PRAPs",,C1.2,A. Local communities and ethnic minorities affected by REDD+: No. of villages/communities in all REDD+ areas in province (total no.),,Context,Screening Forms / FPIC Forms,,,,,,,
Safeguard C,C1. Recognition of ethnic minorities and local communities,C1. Công nhận dân tộc thiểu số và cộng đồng địa phương,"The understanding, experience and initiatives of ethnic minorities and of local communities, built up over a long period of time and transmitted from generation to generation, and the rights of ethnic minorities and local communities as defined in the Constitution and other relevant PLRs, are to be respected throughout the implementation of REDD+ actions under the PRAPs",,C1.2,A. Local communities and ethnic minorities affected by REDD+: No. of HHs in REDD+ areas,,Context,Screening Forms / FPIC Forms,,,,,,,
Safeguard C,C1. Recognition of ethnic minorities and local communities,C1. Công nhận dân tộc thiểu số và cộng đồng địa phương,"The understanding, experience and initiatives of ethnic minorities and of local communities, built up over a long period of time and transmitted from generation to generation, and the rights of ethnic minorities and local communities as defined in the Constitution and other relevant PLRs, are to be respected throughout the implementation of REDD+ actions under the PRAPs",,C1.2,A. Local communities and ethnic minorities affected by REDD+: No. of EM HHs in REDD+ areas,,Context,Screening Forms / FPIC Forms,,,,,,,
Safeguard C,C2. Respect for the knowledge and rights of ethnic minorities and local communities,C2. Tôn trọng đối với những kiến ​​thức và quyền lợi của dân tộc thiểu số và cộng đồng địa phương,"The understanding, experience and initiatives of ethnic minorities and of local communities, built up over a long period of time and transmitted from generation to generation, and the rights of ethnic minorities and local communities as defined in the Constitution and other relevant PLRs, are to be respected throughout the implementation of REDD+ actions under the PRAPs",,C2.1,B. No. of community agreements (huong/quy u’oc) including customary institutions: No. of existing arrangements improved,,Output,Community agreements / PSO,,,,,,,
Safeguard C,C2. Respect for the knowledge and rights of ethnic minorities and local communities,C2. Tôn trọng đối với những kiến ​​thức và quyền lợi của dân tộc thiểu số và cộng đồng địa phương,"The understanding, experience and initiatives of ethnic minorities and of local communities, built up over a long period of time and transmitted from generation to generation, and the rights of ethnic minorities and local communities as defined in the Constitution and other relevant PLRs, are to be respected throughout the implementation of REDD+ actions under the PRAPs",,C2.3,B. No. of community agreements (huong/quy u’oc) including customary institutions: No of new arrangements established,,Output,Community agreements / PSO,,,,,,,
Safeguard C,C2. Respect for the knowledge and rights of ethnic minorities and local communities,C2. Tôn trọng đối với những kiến ​​thức và quyền lợi của dân tộc thiểu số và cộng đồng địa phương,"The understanding, experience and initiatives of ethnic minorities and of local communities, built up over a long period of time and transmitted from generation to generation, and the rights of ethnic minorities and local communities as defined in the Constitution and other relevant PLRs, are to be respected throughout the implementation of REDD+ actions under the PRAPs",,C2.4,B. No. of community agreements (huong/quy u’oc) including customary institutions: Hectares of forest covered,,Output,Community agreements / PSO,,,,,,,
Safeguard C,C2. Respect for the knowledge and rights of ethnic minorities and local communities,C2. Tôn trọng đối với những kiến ​​thức và quyền lợi của dân tộc thiểu số và cộng đồng địa phương,"The understanding, experience and initiatives of ethnic minorities and of local communities, built up over a long period of time and transmitted from generation to generation, and the rights of ethnic minorities and local communities as defined in the Constitution and other relevant PLRs, are to be respected throughout the implementation of REDD+ actions under the PRAPs",,C2.6,IS THIS DIFFERENT TO CO-MANAGEMENT ARRGTS UNDER B2.2?,,Output,Community agreements / PSO,,,,,,,
Safeguard C,C2. Respect for the knowledge and rights of ethnic minorities and local communities,C2. Tôn trọng đối với những kiến ​​thức và quyền lợi của dân tộc thiểu số và cộng đồng địa phương,"The understanding, experience and initiatives of ethnic minorities and of local communities, built up over a long period of time and transmitted from generation to generation, and the rights of ethnic minorities and local communities as defined in the Constitution and other relevant PLRs, are to be respected throughout the implementation of REDD+ actions under the PRAPs",,C2.7,"Number of REDD+ interventions (out of the total number) that support traditional forest management practices / knowledge (e.g. NTFPs, medicinal plants, water management, etc)",,Process,PSO – calculate from PRAP/REDD+ plan,,,,,,,
Safeguard C,C3.,C3.,"The understanding, experience and initiatives of ethnic minorities and of local communities, built up over a long period of time and transmitted from generation to generation, and the rights of ethnic minorities and local communities as defined in the Constitution and other relevant PLRs, are to be respected throughout the implementation of REDD+ actions under the PRAPs",,C3.1 Rights to land/resources,Indicators related to EM access to land and resources – based on disaggregated data from: - B2.2 B,,Impact,PFMS/FORMIS,,,,,,,
Safeguard C,C3.,C3.,"The understanding, experience and initiatives of ethnic minorities and of local communities, built up over a long period of time and transmitted from generation to generation, and the rights of ethnic minorities and local communities as defined in the Constitution and other relevant PLRs, are to be respected throughout the implementation of REDD+ actions under the PRAPs",,C3.1 Rights to land/resources,Indicators related to EM access to land and resources – based on disaggregated data from:- B2.2 D,,Impact,PFMS/FORMIS,,,,,,,
Safeguard C,C3.,C3.,"The understanding, experience and initiatives of ethnic minorities and of local communities, built up over a long period of time and transmitted from generation to generation, and the rights of ethnic minorities and local communities as defined in the Constitution and other relevant PLRs, are to be respected throughout the implementation of REDD+ actions under the PRAPs",,C3.1 Rights to land/resources,Indicators related to EM access to land and resources – based on disaggregated data from:- B2.2 F,,Impact,PFMS/FORMIS,,,,,,,
Safeguard C,C3.,C3.,"The understanding, experience and initiatives of ethnic minorities and of local communities, built up over a long period of time and transmitted from generation to generation, and the rights of ethnic minorities and local communities as defined in the Constitution and other relevant PLRs, are to be respected throughout the implementation of REDD+ actions under the PRAPs",,C3.1 Rights to land/resources,-Indicators related to EM access to land and resources – based on disaggregated data from: B2.3 A,,Impact,PFMS/FORMIS,,,,,,,
Safeguard C,C.4 Rights to complain,C.4 Quyền khiếu nại,"The understanding, experience and initiatives of ethnic minorities and of local communities, built up over a long period of time and transmitted from generation to generation, and the rights of ethnic minorities and local communities as defined in the Constitution and other relevant PLRs, are to be respected throughout the implementation of REDD+ actions under the PRAPs",,C4.1,LINK TO B2.6,,Process,GRM monitoring forms,,,,,,,
Safebuard D,D1,D1,"Adequate mechanisms to ensure the full and effective participation of all relevant stakeholders (in particular of ethnic minorities and local communities) are to be developed and implemented during the preparation of the NRAP and PRAPs, and throughout the implementation of the proposed REDD+ actions contained therein",,D1.1/D1.2 Relevant Stakeholders,A. REDD+ Stakeholders identified: - Stakeholder mapping completed (and shared/published?) (Y/N),,Process/context,PRAP/REDD+ Stakeholders List (e.g. in PRAP) - PSO,,,,,,,
Safebuard D,D2,D2,"Adequate mechanisms to ensure the full and effective participation of all relevant stakeholders (in particular of ethnic minorities and local communities) are to be developed and implemented during the preparation of the NRAP and PRAPs, and throughout the implementation of the proposed REDD+ actions contained therein",,D2.1/D2.2 Participation,B. Participation in REDD+ planning and consultation processes – B1.1.D,,Process,Meeting reports/participant lists,,,,,,,
Safebuard D,D2,D2,"Adequate mechanisms to ensure the full and effective participation of all relevant stakeholders (in particular of ethnic minorities and local communities) are to be developed and implemented during the preparation of the NRAP and PRAPs, and throughout the implementation of the proposed REDD+ actions contained therein",,,C. FPIC processes – B1.1 E and B2.2 H,,Process,FPIC monitoring forms,,,,,,,
Safebuard D,D2,D2,"Adequate mechanisms to ensure the full and effective participation of all relevant stakeholders (in particular of ethnic minorities and local communities) are to be developed and implemented during the preparation of the NRAP and PRAPs, and throughout the implementation of the proposed REDD+ actions contained therein",,,D. Participation in REDD+ implementation & monitoring:,,Output,Co-management agreements,,,,,,,
Safebuard D,D2,D2,"Adequate mechanisms to ensure the full and effective participation of all relevant stakeholders (in particular of ethnic minorities and local communities) are to be developed and implemented during the preparation of the NRAP and PRAPs, and throughout the implementation of the proposed REDD+ actions contained therein",,,D. Participation in REDD+ implementation & monitoring: - B 2.2 G,,Output,Co-management agreements,,,,,,,
Safebuard D,D2,D2,"Adequate mechanisms to ensure the full and effective participation of all relevant stakeholders (in particular of ethnic minorities and local communities) are to be developed and implemented during the preparation of the NRAP and PRAPs, and throughout the implementation of the proposed REDD+ actions contained therein",,,"E. Number of REDD+ interventions (out of total) that include stakeholder capacity building activities, and number of participants in capacity-building",,Process,PRAP/REDD+ plan document,,,,,,,
Safebuard D,D2,D2,"Adequate mechanisms to ensure the full and effective participation of all relevant stakeholders (in particular of ethnic minorities and local communities) are to be developed and implemented during the preparation of the NRAP and PRAPs, and throughout the implementation of the proposed REDD+ actions contained therein",,,"F. Number of training courses related to REDD+ capacity building held in the province, and number/type of participants (including by gender)",,Process,PRAP/REDD+ plan document,,,,,,,
Safeguard E,E1. Overall/ Consistency with conservation of natural forests and biodiversity,E1. Nhìn chung / Tính nhất quán với bảo tồn rừng và đa dạng sinh học tự nhiên,"REDD+ activities will not be used for the conversion of natural forests. Development and implementation of the PRAPs will be consistent with the natural forest protection and biodiversity conservation provisions of Viet Nam’s legal framework. Assessing the potential environmental impacts, positive and negative, of proposed REDD+ PaMs, and designing and implementing PaMs to support natural forest protection and biodiversity conservation, will be key to ensuring this consistency. REDD+ PaMs are expected to include the provision of monetary and/or non-monetary benefits to populations living in or around forest areas targeted for intervention to encourage their conservation, restoration and sustainable management by these local populations. Proposed REDD+ PaMs will be assessed and designed in way that they promote ecological, biological, climatic, socio-cultural and economic benefits throughout the implementation of REDD",,,A. Negative checklists applied to all interventions (Y/N),,Process,Negative checklists (PSO),,,,,,,
Safeguard E,E1. Overall/ Consistency with conservation of natural forests and biodiversity,E1. Nhìn chung / Tính nhất quán với bảo tồn rừng và đa dạng sinh học tự nhiên,"REDD+ activities will not be used for the conversion of natural forests. Development and implementation of the PRAPs will be consistent with the natural forest protection and biodiversity conservation provisions of Viet Nam’s legal framework. Assessing the potential environmental impacts, positive and negative, of proposed REDD+ PaMs, and designing and implementing PaMs to support natural forest protection and biodiversity conservation, will be key to ensuring this consistency. REDD+ PaMs are expected to include the provision of monetary and/or non-monetary benefits to populations living in or around forest areas targeted for intervention to encourage their conservation, restoration and sustainable management by these local populations. Proposed REDD+ PaMs will be assessed and designed in way that they promote ecological, biological, climatic, socio-cultural and economic benefits throughout the implementation of REDD",,,"B. Protected areas and total ha (at any level) benefitting from REDD+ interventions (e.g. support to management, patrolling, demarcation, etc):Total ha of protected areas included in REDD+ intervetnions/plan",,Process,PRAP/REDD+ plan / PSO,,,,,,,
Safeguard E,E1. Overall/ Consistency with conservation of natural forests and biodiversity,E1. Nhìn chung / Tính nhất quán với bảo tồn rừng và đa dạng sinh học tự nhiên,"REDD+ activities will not be used for the conversion of natural forests. Development and implementation of the PRAPs will be consistent with the natural forest protection and biodiversity conservation provisions of Viet Nam’s legal framework. Assessing the potential environmental impacts, positive and negative, of proposed REDD+ PaMs, and designing and implementing PaMs to support natural forest protection and biodiversity conservation, will be key to ensuring this consistency. REDD+ PaMs are expected to include the provision of monetary and/or non-monetary benefits to populations living in or around forest areas targeted for intervention to encourage their conservation, restoration and sustainable management by these local populations. Proposed REDD+ PaMs will be assessed and designed in way that they promote ecological, biological, climatic, socio-cultural and economic benefits throughout the implementation of REDD",,,"B. Protected areas and total ha (at any level) benefitting from REDD+ interventions (e.g. support to management, patrolling, demarcation, etc): Number of protected areas included in REDD+ interventions/plan as a proportion of total protected areas in province",,Process,PRAP/REDD+ plan / PSO,,,,,,,
Safeguard E,E1. Overall/ Consistency with conservation of natural forests and biodiversity,E1. Nhìn chung / Tính nhất quán với bảo tồn rừng và đa dạng sinh học tự nhiên,"REDD+ activities will not be used for the conversion of natural forests. Development and implementation of the PRAPs will be consistent with the natural forest protection and biodiversity conservation provisions of Viet Nam’s legal framework. Assessing the potential environmental impacts, positive and negative, of proposed REDD+ PaMs, and designing and implementing PaMs to support natural forest protection and biodiversity conservation, will be key to ensuring this consistency. REDD+ PaMs are expected to include the provision of monetary and/or non-monetary benefits to populations living in or around forest areas targeted for intervention to encourage their conservation, restoration and sustainable management by these local populations. Proposed REDD+ PaMs will be assessed and designed in way that they promote ecological, biological, climatic, socio-cultural and economic benefits throughout the implementation of REDD",,,"C. Trends in area of forest quality (rich, medium, poor, very, poor) in ha by:",,Impact,FRMS/FORMIS,,,,,,,
Safeguard E,E1. Overall/ Consistency with conservation of natural forests and biodiversity,E1. Nhìn chung / Tính nhất quán với bảo tồn rừng và đa dạng sinh học tự nhiên,"REDD+ activities will not be used for the conversion of natural forests. Development and implementation of the PRAPs will be consistent with the natural forest protection and biodiversity conservation provisions of Viet Nam’s legal framework. Assessing the potential environmental impacts, positive and negative, of proposed REDD+ PaMs, and designing and implementing PaMs to support natural forest protection and biodiversity conservation, will be key to ensuring this consistency. REDD+ PaMs are expected to include the provision of monetary and/or non-monetary benefits to populations living in or around forest areas targeted for intervention to encourage their conservation, restoration and sustainable management by these local populations. Proposed REDD+ PaMs will be assessed and designed in way that they promote ecological, biological, climatic, socio-cultural and economic benefits throughout the implementation of REDD",,,"C. Trends in area of forest quality (rich, medium, poor, very, poor) in ha by:- Natural forests",,Impact,FRMS/FORMIS,,,,,,,
Safeguard E,E1. Overall/ Consistency with conservation of natural forests and biodiversity,E1. Nhìn chung / Tính nhất quán với bảo tồn rừng và đa dạng sinh học tự nhiên,"REDD+ activities will not be used for the conversion of natural forests. Development and implementation of the PRAPs will be consistent with the natural forest protection and biodiversity conservation provisions of Viet Nam’s legal framework. Assessing the potential environmental impacts, positive and negative, of proposed REDD+ PaMs, and designing and implementing PaMs to support natural forest protection and biodiversity conservation, will be key to ensuring this consistency. REDD+ PaMs are expected to include the provision of monetary and/or non-monetary benefits to populations living in or around forest areas targeted for intervention to encourage their conservation, restoration and sustainable management by these local populations. Proposed REDD+ PaMs will be assessed and designed in way that they promote ecological, biological, climatic, socio-cultural and economic benefits throughout the implementation of REDD",,,"C. Trends in area of forest quality (rich, medium, poor, very, poor) in ha by:- Three forest types",,Impact,FRMS/FORMIS,,,,,,,
Safeguard E,E2.1 Conversion of natural forest,E2.1 chuyển đổi rừng tự nhiên,"REDD+ activities will not be used for the conversion of natural forests. Development and implementation of the PRAPs will be consistent with the natural forest protection and biodiversity conservation provisions of Viet Nam’s legal framework. Assessing the potential environmental impacts, positive and negative, of proposed REDD+ PaMs, and designing and implementing PaMs to support natural forest protection and biodiversity conservation, will be key to ensuring this consistency. REDD+ PaMs are expected to include the provision of monetary and/or non-monetary benefits to populations living in or around forest areas targeted for intervention to encourage their conservation, restoration and sustainable management by these local populations. Proposed REDD+ PaMs will be assessed and designed in way that they promote ecological, biological, climatic, socio-cultural and economic benefits throughout the implementation of REDD",,,A. Trends in area of natural forest:,,Impact,PFMS/FORMIS,,,,,,,
Safeguard E,E1. Overall/ Consistency with conservation of natural forests and biodiversity,E1. Nhìn chung / Tính nhất quán với bảo tồn rừng và đa dạng sinh học tự nhiên,"REDD+ activities will not be used for the conversion of natural forests. Development and implementation of the PRAPs will be consistent with the natural forest protection and biodiversity conservation provisions of Viet Nam’s legal framework. Assessing the potential environmental impacts, positive and negative, of proposed REDD+ PaMs, and designing and implementing PaMs to support natural forest protection and biodiversity conservation, will be key to ensuring this consistency. REDD+ PaMs are expected to include the provision of monetary and/or non-monetary benefits to populations living in or around forest areas targeted for intervention to encourage their conservation, restoration and sustainable management by these local populations. Proposed REDD+ PaMs will be assessed and designed in way that they promote ecological, biological, climatic, socio-cultural and economic benefits throughout the implementation of REDD",,,- Total ha of forest classified as NF compared to baseline,,Impact,PFMS/FORMIS,,,,,,,
Safeguard E,E1. Overall/ Consistency with conservation of natural forests and biodiversity,E1. Nhìn chung / Tính nhất quán với bảo tồn rừng và đa dạng sinh học tự nhiên,"REDD+ activities will not be used for the conversion of natural forests. Development and implementation of the PRAPs will be consistent with the natural forest protection and biodiversity conservation provisions of Viet Nam’s legal framework. Assessing the potential environmental impacts, positive and negative, of proposed REDD+ PaMs, and designing and implementing PaMs to support natural forest protection and biodiversity conservation, will be key to ensuring this consistency. REDD+ PaMs are expected to include the provision of monetary and/or non-monetary benefits to populations living in or around forest areas targeted for intervention to encourage their conservation, restoration and sustainable management by these local populations. Proposed REDD+ PaMs will be assessed and designed in way that they promote ecological, biological, climatic, socio-cultural and economic benefits throughout the implementation of REDD",,E3.1 Environmental benefits,A. Trends in area of forest cover:,,Impact,PFMS/FORMIS,,,,,,,
Safeguard E,E1. Overall/ Consistency with conservation of natural forests and biodiversity,E1. Nhìn chung / Tính nhất quán với bảo tồn rừng và đa dạng sinh học tự nhiên,"REDD+ activities will not be used for the conversion of natural forests. Development and implementation of the PRAPs will be consistent with the natural forest protection and biodiversity conservation provisions of Viet Nam’s legal framework. Assessing the potential environmental impacts, positive and negative, of proposed REDD+ PaMs, and designing and implementing PaMs to support natural forest protection and biodiversity conservation, will be key to ensuring this consistency. REDD+ PaMs are expected to include the provision of monetary and/or non-monetary benefits to populations living in or around forest areas targeted for intervention to encourage their conservation, restoration and sustainable management by these local populations. Proposed REDD+ PaMs will be assessed and designed in way that they promote ecological, biological, climatic, socio-cultural and economic benefits throughout the implementation of REDD",,E3.1 Environmental benefits,- Total ha of forest over past 5 years according to 3 forest categories,,Impact,PFMS/FORMIS,,,,,,,
Safeguard E,E1. Overall/ Consistency with conservation of natural forests and biodiversity,E1. Nhìn chung / Tính nhất quán với bảo tồn rừng và đa dạng sinh học tự nhiên,"REDD+ activities will not be used for the conversion of natural forests. Development and implementation of the PRAPs will be consistent with the natural forest protection and biodiversity conservation provisions of Viet Nam’s legal framework. Assessing the potential environmental impacts, positive and negative, of proposed REDD+ PaMs, and designing and implementing PaMs to support natural forest protection and biodiversity conservation, will be key to ensuring this consistency. REDD+ PaMs are expected to include the provision of monetary and/or non-monetary benefits to populations living in or around forest areas targeted for intervention to encourage their conservation, restoration and sustainable management by these local populations. Proposed REDD+ PaMs will be assessed and designed in way that they promote ecological, biological, climatic, socio-cultural and economic benefits throughout the implementation of REDD",,E3.1 Environmental benefits,,,Impact,PFMS/FORMIS,,,,,,,
Safeguard E,E1. Overall/ Consistency with conservation of natural forests and biodiversity,E1. Nhìn chung / Tính nhất quán với bảo tồn rừng và đa dạng sinh học tự nhiên,"REDD+ activities will not be used for the conversion of natural forests. Development and implementation of the PRAPs will be consistent with the natural forest protection and biodiversity conservation provisions of Viet Nam’s legal framework. Assessing the potential environmental impacts, positive and negative, of proposed REDD+ PaMs, and designing and implementing PaMs to support natural forest protection and biodiversity conservation, will be key to ensuring this consistency. REDD+ PaMs are expected to include the provision of monetary and/or non-monetary benefits to populations living in or around forest areas targeted for intervention to encourage their conservation, restoration and sustainable management by these local populations. Proposed REDD+ PaMs will be assessed and designed in way that they promote ecological, biological, climatic, socio-cultural and economic benefits throughout the implementation of REDD",,E3.1 Environmental benefits,B. Proportion of interventions where environmental & social screening applied and documented,,Output,Environmental & social screening forms,,,,,,,
Safeguard E,E1. Overall/ Consistency with conservation of natural forests and biodiversity,E1. Nhìn chung / Tính nhất quán với bảo tồn rừng và đa dạng sinh học tự nhiên,"REDD+ activities will not be used for the conversion of natural forests. Development and implementation of the PRAPs will be consistent with the natural forest protection and biodiversity conservation provisions of Viet Nam’s legal framework. Assessing the potential environmental impacts, positive and negative, of proposed REDD+ PaMs, and designing and implementing PaMs to support natural forest protection and biodiversity conservation, will be key to ensuring this consistency. REDD+ PaMs are expected to include the provision of monetary and/or non-monetary benefits to populations living in or around forest areas targeted for intervention to encourage their conservation, restoration and sustainable management by these local populations. Proposed REDD+ PaMs will be assessed and designed in way that they promote ecological, biological, climatic, socio-cultural and economic benefits throughout the implementation of REDD",,E3.1 Environmental benefits,D. Number of interventions requiring IEE/EIA/EPPs and number completed (target = 100% of interventions requiring these should have them completed),,Output,EIA/EPP report,,,,,,,
Safeguard E,E1. Overall/ Consistency with conservation of natural forests and biodiversity,E1. Nhìn chung / Tính nhất quán với bảo tồn rừng và đa dạng sinh học tự nhiên,"REDD+ activities will not be used for the conversion of natural forests. Development and implementation of the PRAPs will be consistent with the natural forest protection and biodiversity conservation provisions of Viet Nam’s legal framework. Assessing the potential environmental impacts, positive and negative, of proposed REDD+ PaMs, and designing and implementing PaMs to support natural forest protection and biodiversity conservation, will be key to ensuring this consistency. REDD+ PaMs are expected to include the provision of monetary and/or non-monetary benefits to populations living in or around forest areas targeted for intervention to encourage their conservation, restoration and sustainable management by these local populations. Proposed REDD+ PaMs will be assessed and designed in way that they promote ecological, biological, climatic, socio-cultural and economic benefits throughout the implementation of REDD",,E3.2 Social benefits,"A. Trends in poverty status (poor, near poor, medium, rich HHs) in REDD+ areas: - Number of households by poverty status in REDD+ areas compared to baseline",,Impact,Commune statistics / social screening forms,,,,,,,
Safeguard E,E1. Overall/ Consistency with conservation of natural forests and biodiversity,E1. Nhìn chung / Tính nhất quán với bảo tồn rừng và đa dạng sinh học tự nhiên,"REDD+ activities will not be used for the conversion of natural forests. Development and implementation of the PRAPs will be consistent with the natural forest protection and biodiversity conservation provisions of Viet Nam’s legal framework. Assessing the potential environmental impacts, positive and negative, of proposed REDD+ PaMs, and designing and implementing PaMs to support natural forest protection and biodiversity conservation, will be key to ensuring this consistency. REDD+ PaMs are expected to include the provision of monetary and/or non-monetary benefits to populations living in or around forest areas targeted for intervention to encourage their conservation, restoration and sustainable management by these local populations. Proposed REDD+ PaMs will be assessed and designed in way that they promote ecological, biological, climatic, socio-cultural and economic benefits throughout the implementation of REDD",,E3.2 Social benefits,B. Community co – management arrangements (same as B2.2),,Output,Community agreements / screening forms,,,,,,,
Safeguard E,E1. Overall/ Consistency with conservation of natural forests and biodiversity,E1. Nhìn chung / Tính nhất quán với bảo tồn rừng và đa dạng sinh học tự nhiên,"REDD+ activities will not be used for the conversion of natural forests. Development and implementation of the PRAPs will be consistent with the natural forest protection and biodiversity conservation provisions of Viet Nam’s legal framework. Assessing the potential environmental impacts, positive and negative, of proposed REDD+ PaMs, and designing and implementing PaMs to support natural forest protection and biodiversity conservation, will be key to ensuring this consistency. REDD+ PaMs are expected to include the provision of monetary and/or non-monetary benefits to populations living in or around forest areas targeted for intervention to encourage their conservation, restoration and sustainable management by these local populations. Proposed REDD+ PaMs will be assessed and designed in way that they promote ecological, biological, climatic, socio-cultural and economic benefits throughout the implementation of REDD",,E3.2 Social benefits,"C. Total no. of communities receiving community investments (roads, irrigation, other infrastructure)",,Output,Community agreements,,,,,,,
Safeguard E,E1. Overall/ Consistency with conservation of natural forests and biodiversity,E1. Nhìn chung / Tính nhất quán với bảo tồn rừng và đa dạng sinh học tự nhiên,"REDD+ activities will not be used for the conversion of natural forests. Development and implementation of the PRAPs will be consistent with the natural forest protection and biodiversity conservation provisions of Viet Nam’s legal framework. Assessing the potential environmental impacts, positive and negative, of proposed REDD+ PaMs, and designing and implementing PaMs to support natural forest protection and biodiversity conservation, will be key to ensuring this consistency. REDD+ PaMs are expected to include the provision of monetary and/or non-monetary benefits to populations living in or around forest areas targeted for intervention to encourage their conservation, restoration and sustainable management by these local populations. Proposed REDD+ PaMs will be assessed and designed in way that they promote ecological, biological, climatic, socio-cultural and economic benefits throughout the implementation of REDD",,E3.2 Social benefits,D. People receiving benefits from REDD+:,,Process / output?,Community agreements,,,,,,,
Safeguard E,E1. Overall/ Consistency with conservation of natural forests and biodiversity,E1. Nhìn chung / Tính nhất quán với bảo tồn rừng và đa dạng sinh học tự nhiên,"REDD+ activities will not be used for the conversion of natural forests. Development and implementation of the PRAPs will be consistent with the natural forest protection and biodiversity conservation provisions of Viet Nam’s legal framework. Assessing the potential environmental impacts, positive and negative, of proposed REDD+ PaMs, and designing and implementing PaMs to support natural forest protection and biodiversity conservation, will be key to ensuring this consistency. REDD+ PaMs are expected to include the provision of monetary and/or non-monetary benefits to populations living in or around forest areas targeted for intervention to encourage their conservation, restoration and sustainable management by these local populations. Proposed REDD+ PaMs will be assessed and designed in way that they promote ecological, biological, climatic, socio-cultural and economic benefits throughout the implementation of REDD",,E3.2 Social benefits,D. People receiving benefits from REDD+: - Link to B2.3A: No. of community agreements,,Process / output?,Community agreements,,,,,,,
Safeguard E,E1. Overall/ Consistency with conservation of natural forests and biodiversity,E1. Nhìn chung / Tính nhất quán với bảo tồn rừng và đa dạng sinh học tự nhiên,"REDD+ activities will not be used for the conversion of natural forests. Development and implementation of the PRAPs will be consistent with the natural forest protection and biodiversity conservation provisions of Viet Nam’s legal framework. Assessing the potential environmental impacts, positive and negative, of proposed REDD+ PaMs, and designing and implementing PaMs to support natural forest protection and biodiversity conservation, will be key to ensuring this consistency. REDD+ PaMs are expected to include the provision of monetary and/or non-monetary benefits to populations living in or around forest areas targeted for intervention to encourage their conservation, restoration and sustainable management by these local populations. Proposed REDD+ PaMs will be assessed and designed in way that they promote ecological, biological, climatic, socio-cultural and economic benefits throughout the implementation of REDD",,E3.2 Social benefits,D. People receiving benefits from REDD+: - B2.3 B: Household protection contracts,,Process / output?,Community agreements,,,,,,,
Safeguard E,E1. Overall/ Consistency with conservation of natural forests and biodiversity,E1. Nhìn chung / Tính nhất quán với bảo tồn rừng và đa dạng sinh học tự nhiên,"REDD+ activities will not be used for the conversion of natural forests. Development and implementation of the PRAPs will be consistent with the natural forest protection and biodiversity conservation provisions of Viet Nam’s legal framework. Assessing the potential environmental impacts, positive and negative, of proposed REDD+ PaMs, and designing and implementing PaMs to support natural forest protection and biodiversity conservation, will be key to ensuring this consistency. REDD+ PaMs are expected to include the provision of monetary and/or non-monetary benefits to populations living in or around forest areas targeted for intervention to encourage their conservation, restoration and sustainable management by these local populations. Proposed REDD+ PaMs will be assessed and designed in way that they promote ecological, biological, climatic, socio-cultural and economic benefits throughout the implementation of REDD",,E3.2 Social benefits,D. People receiving benefits from REDD+: - B2.3 C: PFES,,Process / output?,Community agreements,,,,,,,
Safeguard E,E1. Overall/ Consistency with conservation of natural forests and biodiversity,E1. Nhìn chung / Tính nhất quán với bảo tồn rừng và đa dạng sinh học tự nhiên,"REDD+ activities will not be used for the conversion of natural forests. Development and implementation of the PRAPs will be consistent with the natural forest protection and biodiversity conservation provisions of Viet Nam’s legal framework. Assessing the potential environmental impacts, positive and negative, of proposed REDD+ PaMs, and designing and implementing PaMs to support natural forest protection and biodiversity conservation, will be key to ensuring this consistency. REDD+ PaMs are expected to include the provision of monetary and/or non-monetary benefits to populations living in or around forest areas targeted for intervention to encourage their conservation, restoration and sustainable management by these local populations. Proposed REDD+ PaMs will be assessed and designed in way that they promote ecological, biological, climatic, socio-cultural and economic benefits throughout the implementation of REDD",,E3.2 Social benefits,"D. People receiving benefits from REDD+: - Other options for some provinces: No. people / HHs receiving alternative/sustainable livelihoods support (e.g. NTFPs, ecotourism, agricultural interventions) via interventions",,Process / output?,Community agreements,,,,,,,
Safeguard E,E1. Overall/ Consistency with conservation of natural forests and biodiversity,E1. Nhìn chung / Tính nhất quán với bảo tồn rừng và đa dạng sinh học tự nhiên,"REDD+ activities will not be used for the conversion of natural forests. Development and implementation of the PRAPs will be consistent with the natural forest protection and biodiversity conservation provisions of Viet Nam’s legal framework. Assessing the potential environmental impacts, positive and negative, of proposed REDD+ PaMs, and designing and implementing PaMs to support natural forest protection and biodiversity conservation, will be key to ensuring this consistency. REDD+ PaMs are expected to include the provision of monetary and/or non-monetary benefits to populations living in or around forest areas targeted for intervention to encourage their conservation, restoration and sustainable management by these local populations. Proposed REDD+ PaMs will be assessed and designed in way that they promote ecological, biological, climatic, socio-cultural and economic benefits throughout the implementation of REDD",,E3.2 Social benefits,E. Number of GRM complaints received and resolved related to livelihoods or other socio-economic factors,,Process,GRM monitoring forms,,,,,,,
Safeguard F,F2. Actions to address the risks of reversals,F2. Hoạt động để giải quyết các nguy cơ đảo ngược,NA,,NA,"A. Analysis conducted: 
 - Drivers analysis conducted for PRAP/REDD+ planning and includes both direct and indirect drivers of deforestation/forest degradation (Y/N) 
 - Benefits and risks assessment conducted and includes potential risks of reversals",,Process,PRAPs/ REDD+ plans; and environmental & social assessments,,,,,,,
Safeguard F,F2. Actions to address the risks of reversals,F2. Hoạt động để giải quyết các nguy cơ đảo ngược,NA,,NA,B. THIS DEPENDS ON WHETHER NRAP HAS EXPECTATIONS OF INCIDENT MONITORING BY PROVS OR ONLY AT NAT LEVEL,,Impact,FRMS/FORMIS,,,,,,,
Safeguard G,G1. Displacement of emissions,G1. Dịch chuyển của khí thải,"Actions to reduce displacement of emissions. Displacement is an important issue with regard to REDD+ because there may be no net reduction in emissions if deforestation has simply shifted to another area as a consequence of REDD+ implementation. In order to reduce the risks of displacement, the NRAP and PRAPs identify key drivers of deforestation and degradation, as well as potential opportunities for forest enhancement, and clarify how these drivers are to be addressed by the REDD+ PaMs. Potential social and environmental impacts of the proposed PaMs are to be identified and mitigated, including conflicts linked to land use in REDD+ intervention areas. The NFMS is also expected to be capable of identifying instances of deforestation and forest degradation, which, through further investigation may be shown to be due to displacement as a consequence of REDD+ implementation. NFMS tracking of deforestation and forest degradation, coupled with analysis of causes, can inform actions taken to reduce the risk of any further displacement. In addition, Viet Nam has cross-border collaboration agreements on forest management and trade with neighbouring countries (e.g. Lao PDR and Cambodia), which can help identify and reduce potential regional displacement.",,,N/A – no provincial monitoring for this criterion,,,,,,,,,,
,,,,,,,,,,,Indicator_id,ko hiển thị,,,,
,,,,,,,,,,,Indicator_sort,TT,,,,
,,,,,,,,,,,Indicator_name,Tên chỉ số,,,,
,,,,,,,,,,,Indicator Unit,Đơn vị,,,,
,,,,,,,,,,,Safeguad table,,,,level1,
,,,,,,,,,,,Safeguard_id,không hiển thị,,,,
,,,,,,,,,,,Safeguard name_l1,Tên Safeguard,,,,
,,,,,,,,,,,Criteria_l2,Tiêu chí,,,,
,,,,,,,,,,,Interpretation_l3,Mô tả,,,,
,,,,,,,,,,,Criteria_number_l4,Số tiêu chí,,,,
,,,,,,,,,,,Indicator_name_l5,Tên chỉ số,,,,
,,,,,,,,,,,Tỉnh,,,,,
,,,,,,,,,,,Province_name,Tên tỉnh,,,,Indicator A
,,,,,,,,,,,Province_id,mã tỉnh,,,,
,,,,,,,,,,,Tỉnh A vào năm B có Indicator C: là D,,,,,
,,,,,,,,,,,Indicator ID,,,,,
,,,,,,,,,,,Tỉnh,,,,,
,,,,,,,,,,,Year,Năm kê khai,,,,
,,,,,,,,,,,Indicator Value Number,Giá trị,,,,
,,,,,,,,,,,Indicator Value Text,Nội dung chỉ số,,,,